[
  {
    "signatures": [
      {
        "signature": "sha256:cc6a41dc3eaacc9e440a6bd0d2890b20d36b4ee408fe2d67122f328bb6e01581",
        "filename": "commons-io-2.4.jar"
      },
      {
        "signature": "sha256:6c4b4e50e608763564afa1bde2d25ece9dd715e7c9129540faa1faded4896506",
        "filename": "codecjorbis-20101023.jar"
      },
      {
        "signature": "sha256:c0dafe3ac28f31265c02b6975b8f31f6981c42902cd8d7eb32b5414012027dbe",
        "filename": "StevesFactoryManagerA93.jar"
      },
      {
        "signature": "sha256:a4fc2284657544e0f4bcc964f927c2fda3e3a205178ed1d5d58883aaf9780cce",
        "filename": "1.7.10.jar"
      },
      {
        "signature": "sha256:70903f6fc82e9908c8da9f20443f61d90f0870a312642991fe8462a0b9391784",
        "filename": "commons-logging-1.1.3.jar"
      },
      {
        "signature": "sha256:51ae09c00a9bbbb8b1b80c5ced202f393385f2310058b77275e99b13b62c4cae",
        "filename": "GeoStrata 1.7.10 V1f.jar"
      },
      {
        "signature": "sha256:107d11509f6af59b8c2ba23df828bc5d3c4e067b58f3d858c7deb90ca5308f84",
        "filename": "librarylwjglopenal-20100824.jar"
      },
      {
        "signature": "sha256:574ec3cbf42d6001b8153c87458d2ea881df2321853dc3915845cd18c1a74ebf",
        "filename": "Enchiridion-1.7.X-1.2b.jar"
      },
      {
        "signature": "sha256:c074ef34f975d55f5ddb64a8eb53d2644bbd597764d7c47d3ed6b90db592a620",
        "filename": "scala-library-2.11.1.jar"
      },
      {
        "signature": "sha256:2882d64550240dd0c026724da664d9f97ef205c91d6a85273d10790d88608f34",
        "filename": "soundsystem-20120107.jar"
      },
      {
        "signature": "sha256:66b44e97f2c0a05e773e0542d2d7572211803f658a116b55d144b11a8330fc18",
        "filename": "Thaumcraft-1.7.10-4.2.0.1.jar"
      },
      {
        "signature": "sha256:dd141fde054552684ce3dd8a08eb06ec719728fd9b896b443d37436db466a3a4",
        "filename": "bdlib-mc1710-1.4.5.24.jar"
      },
      {
        "signature": "sha256:e1c69aedaa6968c3ff2a5df96f3ee024acad30572a26d8bf741caa69998313df",
        "filename": "MobiusCore-1.2.3_1.7.10.jar"
      },
      {
        "signature": "sha256:8820c89462790707693de09b38e9e4d97be4d4a46afff8ab562c5d10fd3cdbc1",
        "filename": "twilightforest-1.7.10-2.3.2.jar"
      },
      {
        "signature": "sha256:08f5280c332b4c1b1cb183d8011b30c58e10bce356ed542959284949497870f6",
        "filename": "EnderIO-1.7.10-2.0.8.221.jar"
      },
      {
        "signature": "sha256:40d15125863944059941271fc57dcb5cddd84e31263dcc83a32910aa94b60ebd",
        "filename": "Quadrum-1.7.10-1.2.0.B13-universal.jar"
      },
      {
        "signature": "sha256:8261b4464200f57536e746a352384c24d010ef4e9646df1c1cf2496bf49ac7c6",
        "filename": "InfernalMobs-1.7.10.jar"
      },
      {
        "signature": "sha256:b3d45927743b3b23ff9a30c43b8ed0176b11215f5e0e22b7594cc375e772bd32",
        "filename": "industrialcraft-2-2.2.647-experimental.jar"
      },
      {
        "signature": "sha256:c750e122e25740820cf5fd292db9bd9a1e3b297d4473dc270003cea81153d615",
        "filename": "TooMuchLoot-1.7.10-3.0.1.B22-universal.jar"
      },
      {
        "signature": "sha256:79b5a4f5829e1a49a415711f7fb8eb5b9ad22defa72929fda2da96ec30d3f018",
        "filename": "jinput-2.0.5.jar"
      },
      {
        "signature": "sha256:dfb139d064fd93b3ce77970d32afb7fe36365bb145c410123537d2b3c407d3ed",
        "filename": "ThaumicTinkerer-2.5-1.7.10-387.jar"
      },
      {
        "signature": "sha256:79de09e5641de3bc8dd33eeb452f8bd1cd65447af28b10d97430f23c26906270",
        "filename": "SpecialMobs-1.7.10-3.0.2.jar"
      },
      {
        "signature": "sha256:147592c5eb8e11fc8394125954f877acf25918bae13aa210c2825aefc3030ed8",
        "filename": "icu4j-core-mojang-51.2.jar"
      },
      {
        "signature": "sha256:e04e0323b61e8157b59bb6903ac05dac2c328c513bbc8cc401d62e1ad39fd855",
        "filename": "GardenCore-1.7.10-1.2.0.jar"
      },
      {
        "signature": "sha256:e5d9cd4913c00e2f9dbdebabc0585b6c0184708d27fe98ab20545f302a8afe86",
        "filename": "Magitek-1.7.10-0.1.0.jar"
      },
      {
        "signature": "sha256:d3cdcb86db214e08ded69d7734f4e997e14ae64fa30f8e55f00d2ada91005e39",
        "filename": "config-1.2.1.jar"
      },
      {
        "signature": "sha256:d31400c8f32f6f3ac5eac2f022c733ceccb4cf4d652a6b2e05f965d8dca8cda3",
        "filename": "scala-swing_2.11-1.0.1.jar"
      },
      {
        "signature": "sha256:ad19d2601c3abf0b946b5c3a4113e226a8c1e3305e395b90013b78dd94a723ce",
        "filename": "commons-codec-1.9.jar"
      },
      {
        "signature": "sha256:469eae5a7bf5cd7066ffb72911d3876071357666d19b6462bde2007f0edcca6a",
        "filename": "Aroma1997Core-1.7.10-1.0.2.7.jar"
      },
      {
        "signature": "sha256:d0e2fe70d9c38f6c1863b5842b40742f0650d70492e9eb01ffc3a0f5d4c7050c",
        "filename": "CodeChickenLib-1.7.10-1.1.1.99-universal.jar"
      },
      {
        "signature": "sha256:b7c13a11014741bb4309de9c239e1e9ec4861a4b2ecebafd034fdef79dece5eb",
        "filename": "DragonAPI 1.7.10 V1f.jar"
      },
      {
        "signature": "sha256:2885c8244145c4d3885d5e6045ec24b657e2bd689b7dd48ff494b68ed998b6c7",
        "filename": "thaumicenergistics-0.6.10b.jar"
      },
      {
        "signature": "sha256:491cf3de10601f4d037bdeaab75bc3e99020d43d3107f4179fe8eebc803fec80",
        "filename": "forge-1.7.10-10.13.0.1207-universal.jar"
      },
      {
        "signature": "sha256:8bb37fe90579df168a1d4d950cca87ea4299038045470ac0efe61bc4e6873ede",
        "filename": "launchwrapper-1.9.jar"
      },
      {
        "signature": "sha256:09e3da0f951aa744b396c6b8ae1dad41e449400575484250752f0530eb05f730",
        "filename": "AsieLib-1.7.10-0.3.1.jar"
      },
      {
        "signature": "sha256:608448e334971faba8ab3c4aec43417789a421d0bd4befcbba2306da852bed5a",
        "filename": "Mantle-mc1.7.10-0.3.1.jar"
      },
      {
        "signature": "sha256:64335a48be6b142a7d0c13ec5c82a707857aa58c0234e6eda3eaca0e96eea51b",
        "filename": "jopt-simple-4.5.jar"
      },
      {
        "signature": "sha256:cfb20883725c6ed1dccbff111a3a8dc71215c6ba57c023ad447b84180e625ab4",
        "filename": "statues-1.7.10-2.1.4.jar"
      },
      {
        "signature": "sha256:bb7d17b340afe6abdfbfdaa03683bce4aef39a64887dbab0636eaff3cf2d59ba",
        "filename": "codecwav-20101023.jar"
      },
      {
        "signature": "sha256:fa7e515c6b13db644d075628ab3f399dadfd583e16abaab820ad3fb0633fa0ac",
        "filename": "Computronics-1.7.10-1.0.7.jar"
      },
      {
        "signature": "sha256:abd02320e2356f89d054dae4cf02306bef20a9cf7865b3ac94ec7552b4f1528b",
        "filename": "httpcore-4.3.2.jar"
      },
      {
        "signature": "sha256:c118f8d84313980f79e1e7f7ae4b14b10c2f20c77ea4a1c29f6f0b02bc139077",
        "filename": "lwjgl-2.9.1.jar"
      },
      {
        "signature": "sha256:e897aca9fb8953ee122095fd29bd5df6b42afe86da8782a136f956ebec90fd97",
        "filename": "PneumaticCraft-1.7.10-1.2.7-13-universal.jar"
      },
      {
        "signature": "sha256:c0328cd07ca9e363a5acd00c1cf4afe8cf554bd6d373834981ba05cebec687fb",
        "filename": "gson-2.2.4.jar"
      },
      {
        "signature": "sha256:e569d5713b871e82e77a6da6c37261ebcfa9529d9a1ec9fd9dd950e5ca47c98b",
        "filename": "natura-1.7.10-2.2.0-b1.jar"
      },
      {
        "signature": "sha256:8fe70abb999d96383a63bffd657f21fec680a6b13850af1943bb46218833de65",
        "filename": "Baubles-1.7.10-1.0.1.7.jar"
      },
      {
        "signature": "sha256:2bc20a85683ad696f8a3bb6e97cd92a03e79f7138c4d9eebc32425709264bddc",
        "filename": "CoFHCore-[1.7.10]3.0.0B6-32.jar"
      },
      {
        "signature": "sha256:83df09f50ee4fd10dfe7e49b5de4b95ef02fd5aa1134a999ab8e017de922cae6",
        "filename": "Railcraft_1.7.10-9.3.2.0.jar"
      },
      {
        "signature": "sha256:eb462949b41e918b87400ea6651c684c07cb274b6de0a353ef60df3ab45c294c",
        "filename": "Chisel-1.7.10-1.5.7.jar"
      },
      {
        "signature": "sha256:a99d64e7d10d06f13b174a7042af8afb1402fe5c86e2a430b6472c73cb39465a",
        "filename": "akka-actor_2.11-2.3.3.jar"
      },
      {
        "signature": "sha256:37b2be29c3242c25ae7977bd27309dbda8de6d424bc297bdc0976e2c0437cb37",
        "filename": "DimensionGuard-0.5.0.jar"
      },
      {
        "signature": "sha256:7510dcd82520abb82c27b84ae1d4f46ec846dd2aac70bf85c0a7ca115e2277eb",
        "filename": "FluxedFeederUnit-MC1.7.10-1.0.0.jar"
      },
      {
        "signature": "sha256:8024c2503bf83efa7dff153fe024c1624f5f756be0ec5fc11c856fe420864d26",
        "filename": "commons-lang3-3.2.1.jar"
      },
      {
        "signature": "sha256:ea32a56d38f0d7ae5a17e79df2e1622299e63c4a084a1215ff86d8889ecb6f48",
        "filename": "HQM-The Journey (4.2.1).jar"
      },
      {
        "signature": "sha256:2625b0a830aa7062a1c028f877f3b181f9f423d3d8be553647fefea0f6da7903",
        "filename": "EnviroMine-v1.2.28.jar"
      },
      {
        "signature": "sha256:35250594eaa4937e8df3187157fcfe42b066a9bebb5d69ae957479e5730f0f25",
        "filename": "RedstoneArsenal-[1.7.10]1.1.0B4-10.jar"
      },
      {
        "signature": "sha256:b0813222a18560f7de7809ea663a00c49998cb966c8ecdb7604541c59e663cdc",
        "filename": "AppleCore-mc1.7.10-1.0.0.jar"
      },
      {
        "signature": "sha256:c3334ff39cf0ab3b54925619101054c90098b7c733b1e7834c7b75e4c41e84a5",
        "filename": "jutils-1.0.0.jar"
      },
      {
        "signature": "sha256:d4e9e1b836d15c548ae5d0965d5338539a47f697903049ad00d8a6eb550812f4",
        "filename": "BiomesOPlenty-1.7.10-2.1.0.991-universal.jar"
      },
      {
        "signature": "sha256:2c149735a093b6c65a27db760896ad5c5b06e29100bb8969937667784fef4ba0",
        "filename": "authlib-1.5.16.jar"
      },
      {
        "signature": "sha256:34f7f569a3e22aad8518b689ba3b321101d56d24908b37b84237b29d5a986616",
        "filename": "binnie-mods-2.0-dev4.jar"
      },
      {
        "signature": "sha256:2f82e6c4f3d51e0f2c283ded2c47152f01bcb276f7e7de3cc19577bec30ea0bf",
        "filename": "GardenContainers-1.7.10-1.2.1.jar"
      },
      {
        "signature": "sha256:dccb14ee0c6dbc99a785fd90d0706b491061a254e3ca1be9eccddd7b7b5acf19",
        "filename": "OpenBlocks-1.7.10-1.3-snapshot-433.jar"
      },
      {
        "signature": "sha256:88c7310341cdbfd7fc1ecf83aa98b3049be332e7ffdf1a88cdfee87bcac19a17",
        "filename": "BiblioWoods[Forestry][v1.6].jar"
      },
      {
        "signature": "sha256:4c15d3b6bda3658bd73a2f1682a9de1b9fdd48695321884ad1d00339cccdbc9b",
        "filename": "Mariculture-1.7.10-1.2.3d.jar"
      },
      {
        "signature": "sha256:8a3a84ed3e972fc0b1de5459291e138d2c704d3e585fdf7c005c1e2ba8b50107",
        "filename": "Jabba-1.1.4_1.7.10.jar"
      },
      {
        "signature": "sha256:3ff5ca066c726e1c8befd24c33c9b887487ffbedb44334265720950a619ae29b",
        "filename": "ThermalExpansion-[1.7.10]4.0.0B5-13.jar"
      },
      {
        "signature": "sha256:9bf16e539632c38d4940097f94a363e7ba746d7b8021fa64f0004c5248d5e82f",
        "filename": "Botania r1.2-119.jar"
      },
      {
        "signature": "sha256:53e0326c79d4edd5d7637cd21403b0373b8c3de2ca647bed1005907de836dcbc",
        "filename": "ThermalFoundation-[1.7.10]1.0.0B3-8.jar"
      },
      {
        "signature": "sha256:af1b03cd2ccd22bd6e6e269db148c10dfa8a5b34a2c84339909e5295d3a8d226",
        "filename": "HungerOverhaul-1.7.10-beta.1.jar"
      },
      {
        "signature": "sha256:b348406393b2217e5f4ec41f456d67a0d5a22c74dab6b9ce467755cfbd013eb2",
        "filename": "WailaHarvestability-mc1.7.x-1.1.0.jar"
      },
      {
        "signature": "sha256:8a2df0f4fc69bf28415387f46c97cc0f565f2ea35befa37ff04ebdd9c0a1fba7",
        "filename": "AromaBackup-1.7.10-0.0.0.3.jar"
      },
      {
        "signature": "sha256:ba507644f6f4b23e276cc749a4f6c72fa2942275c653b73d05a4faf5b0d48bf6",
        "filename": "scala-xml_2.11-1.0.2.jar"
      },
      {
        "signature": "sha256:8df89d0d6686a33b0e5dec9e9bb72e882b9955856bd2e60e4d16107dfb9c8cd9",
        "filename": "TravellersGear-1.7.10-1.6.jar"
      },
      {
        "signature": "sha256:c8818b95bad7ba8b6bfcc530ffef237067936193d2f3ecba5b1072a880e16b56",
        "filename": "ElectricalAge_BETA-1.9_r41.jar"
      },
      {
        "signature": "sha256:515e7ac31c52c53fea70bb4be2c92f41dbe2ca15edc18cc1ff01488fb8b6e453",
        "filename": "ThaumicExploration-1.7.10-1.1-17.jar"
      },
      {
        "signature": "sha256:9615ea4bf215d660dd465d27b290991f83db380200422d6033abeaa3f574a60e",
        "filename": "TMechworks_mc1.7.10_0.2.8.jar"
      },
      {
        "signature": "sha256:dcde6033b205433d6e9855c93740f798951fa3a3f252035a768d9f356fde806d",
        "filename": "log4j-core-2.0-beta9.jar"
      },
      {
        "signature": "sha256:20db925cd59b1c79b59deb36436fa2d466975b2c25735183cd50f7b6df387768",
        "filename": "FlaxbeardsSteamPower-1.7.10-0.26.2.jar"
      },
      {
        "signature": "sha256:4b2cc628ceb7d7a19921b2d9a78e7e149f81afd017a5dd511a8f2ae59c33075b",
        "filename": "scala-actors-migration_2.11-1.1.0.jar"
      },
      {
        "signature": "sha256:aaab94b8a4977c762493abaefd066b91ceff3a6001cf3ff3ef4cbc27076f3618",
        "filename": "extrautilities-1.1.0k.jar"
      },
      {
        "signature": "sha256:6ac6df0a25352af954f594ae3890b99350d91a644ec1932cbf928206d23a5a22",
        "filename": "INpureCore-[1.7.10]1.0.0B1-1.jar"
      },
      {
        "signature": "sha256:dc11c1bffd1b30c8fdd749e41cc80dc2e2f7190f931f4841c2551a57c2898a9b",
        "filename": "ChromatiCraft 1.7.10 V1f.jar"
      },
      {
        "signature": "sha256:dbaa088690a23a954eff669a99d2452a24dd9f10d866725ff5d29ff4740a897e",
        "filename": "vecmath-1.3.1.jar"
      },
      {
        "signature": "sha256:0406fc3b9a4f25652cec42214badc22ecb26ec31ed1216aa7cc446bd03326110",
        "filename": "Emotes 1.0.1.jar"
      },
      {
        "signature": "sha256:3c8616203d61a12a7e3487e8b34f3c198c2b5ba9e90da0c7ea32d99cd4958012",
        "filename": "trove4j-3.0.3.jar"
      },
      {
        "signature": "sha256:a2b805370341711eaf60ce56e67b3b0e8edd7d27adc6191166d6659524a7fbad",
        "filename": "Decocraft-1.10_1.7.2and1.7.10.jar"
      },
      {
        "signature": "sha256:e468e18bfcfa199388b91785ad6be5195c0ea76ab928d85fce27ced03f4042e9",
        "filename": "NEIPlugins-MC1.7.10-1.1.0.8-unofficial.jar"
      },
      {
        "signature": "sha256:6a2bd839e0c2270f25187a7216fb1f44b65252801f02fdd32c25939adc7abed3",
        "filename": "Billund-1.7.X-1.0.0.B6-universal.jar"
      },
      {
        "signature": "sha256:7fd1ea5d83c9177471c3350c2fe534f10a270e440097a02091893584d9a3136f",
        "filename": "Blood Magic-v1.1.0(1.7.10).jar"
      },
      {
        "signature": "sha256:48da08965c28ccf7571335fd4808d369e0ff5c632c2291c05c060cae52ac0e8e",
        "filename": "scala-continuations-library_2.11-1.0.2.jar"
      },
      {
        "signature": "sha256:d205b443aa5c40d84f3b652697fa0700ecbabf8438f2a2ab364e6e41b895bdc7",
        "filename": "ForgeMultipart-1.7.10-1.1.0.307-universal.jar"
      },
      {
        "signature": "sha256:e07ac40187cb2b94fb1de3d4494b384bae97ead6e8f51a32229edfd8b3471ac3",
        "filename": "BluePower-1.7.10-0.1.755-universal.jar"
      },
      {
        "signature": "sha256:d64560120f070b86caf95a9fdeb470abd26076fe0a433239edda100a79662606",
        "filename": "ArchimedesShips-1.7.1.jar"
      },
      {
        "signature": "sha256:d66784c42bd94867fbc990e212d5c334ae2439d6b7e9a856196b348b6591cee2",
        "filename": "Hats-4.0.1.jar"
      },
      {
        "signature": "sha256:837f15a433a18517e8e5c0483db36d371270b57485eb96c80f606d07b5598731",
        "filename": "Sync-4.0.0.jar"
      },
      {
        "signature": "sha256:ac84c1ac891de325ff0216be41b53b6243aeb9f5d409c0f6f1bc29d0bedc0064",
        "filename": "magicbees-1.7.10-2.1.20.jar"
      },
      {
        "signature": "sha256:ef17fec59e8d5882ef2c878bff6d51116987e228b54487793402ae6730f966fb",
        "filename": "BiblioWoods[Natura][v1.4].jar"
      },
      {
        "signature": "sha256:e17eddae75d53f6e1543e53b8902ad03ac4ef6ff51ca510690f3a3ab359a7b57",
        "filename": "TiCTooltips-mc1.7.10-1.1.11b.jar"
      },
      {
        "signature": "sha256:dafa64cad65afc454f72d6388f70c31d66be82c0525dd2cb8b59fe54c44bc591",
        "filename": "TConstruct-1.7.10-1.7.0d3.1.jar"
      },
      {
        "signature": "sha256:44e0723b6672d9df2444a41c737b8f83e887c655ec90bab33ee04ebf61d1ff3f",
        "filename": "primitivemobs-1.0.jar"
      },
      {
        "signature": "sha256:f48418cff41db5e2ab2e35a4413450ce89ad826cdcf20830fc4743e76cffa563",
        "filename": "iChunUtil-4.0.0.jar"
      },
      {
        "signature": "sha256:a300fcf2c43ab26eb1eb380a13efdcc6c1c46f0a502da219a4b58337df52ef7b",
        "filename": "ironchest-1.7.10-6.0.62.742-universal.jar"
      },
      {
        "signature": "sha256:a402fefad75a1667fdd2428e52b1628b9c0a800d8b2af5f7f3c3129bd0abb65c",
        "filename": "witchery-1.7.10-0.20.6.jar"
      },
      {
        "signature": "sha256:0bbd0497f7b2b6154632f2018a04c522bf66bc02aa68a30dce6e1cb661c4f193",
        "filename": "GardenTrees-1.7.10-1.2.0.jar"
      },
      {
        "signature": "sha256:cc72f38535b8a41c39a631da4bc05ca338fb3c9f96700b9194a6a31741bd9bc2",
        "filename": "HatStand-4.0.0.jar"
      },
      {
        "signature": "sha256:370d5defbc62d11cf0bf928a6bd730445b416c80af7a95193d515393c5aecdb9",
        "filename": "RemoteIO-1.7.10-1.4.3.B49-universal.jar"
      },
      {
        "signature": "sha256:8c79f95289426fe3983a613d23d26e78a5930b692512a45b3e66dff3a2f85683",
        "filename": "malisiscore-1.7.10-0.9.6.jar"
      },
      {
        "signature": "sha256:0c3085cb93c3ef95d731c274b6f2dd195aa0405fe9328d69cab7f5e899d5e124",
        "filename": "lzma-0.0.1.jar"
      },
      {
        "signature": "sha256:fa917f4f3f6a76375134ba89a40d3a1ce807945a91bbdbe39c31f76e03030868",
        "filename": "guava-16.0.jar"
      },
      {
        "signature": "sha256:dece8b7258c5669d0f57c8314e35d45c63eb3e7db6e801635a0d1bd0a2364d48",
        "filename": "RPGAdvMod-1.0.0_1.7.10.jar"
      },
      {
        "signature": "sha256:b340656b9892f947c5217a00ff6a66ffd0666d2d1865261810e19cee1a908b8b",
        "filename": "UtilityMobs-1.7.10-3.1.1.jar"
      },
      {
        "signature": "sha256:96eaa32232b5a5b0f9afc121a0e1b2416e3dca50657b31e5431c0a04ae650552",
        "filename": "netty-all-4.0.10.Final.jar"
      },
      {
        "signature": "sha256:eb0ca9bdd938f80711152a758d6bc331a8b0d769199d457294dc67ed03f73498",
        "filename": "log4j-api-2.0-beta9.jar"
      },
      {
        "signature": "sha256:a483ed44bdd92f7343d30a045672d7779b0a784848c3f32b2d315ef896e0ff74",
        "filename": "StevesCarts2.0.0.b16.jar"
      },
      {
        "signature": "sha256:496bc48334bbf98a7089816f605e51be62c3e5d89237aff1be5be4ee4061e94d",
        "filename": "Pam\u0027s HarvestCraft 1.7.10b.jar"
      },
      {
        "signature": "sha256:715b60a1eff967a6e2abf47df76c1dccd54fbae0f1bc08f749aa5e3f356838ee",
        "filename": "MineTweaker3-1.7.10-3.0.8B.jar"
      },
      {
        "signature": "sha256:e6c4a9743a2c5df47e8927f7a7b091502466a783a813c60b41792238c02b4a4e",
        "filename": "BiblioCraft[v1.8.2][MC1.7.10].jar"
      },
      {
        "signature": "sha256:90806dd16cc7c4498e4d0b45b91a3172a0f7404265e4f6e725b61bc80bce892d",
        "filename": "appliedenergistics2-rv1-stable-1.jar"
      },
      {
        "signature": "sha256:510e5f0fdd4840fdddb9dfd8b526847631e0afef3e7b3fd0ed1961f235c7aafa",
        "filename": "buildcraft-6.0.18.jar"
      },
      {
        "signature": "sha256:06ac14815855e76c7533795afc082ad9ca22e61419904fbd4410ed6ff458c995",
        "filename": "ProjectE-Alpha 0.1n.jar"
      },
      {
        "signature": "sha256:333bbefeff5eb1722dc9b8d2e26c38bc69c1efa07d0ca870480f29d8858aa336",
        "filename": "libraryjavasound-20101123.jar"
      },
      {
        "signature": "sha256:9844cc9b5440d65a88d28bcba9d771374d2dfdab898848cda164611091633013",
        "filename": "httpclient-4.3.3.jar"
      },
      {
        "signature": "sha256:03b11317a631414ad7a5bde3635de11bf93a8c2e28819c8896d486b6d4a7c06e",
        "filename": "scala-compiler-2.11.1.jar"
      },
      {
        "signature": "sha256:7ea95a26c6fc2f91a000bfc06274c8caa7ed3cfa4a40bdf0f4f8750caafa90a1",
        "filename": "scala-continuations-plugin_2.11.1-1.0.2.jar"
      },
      {
        "signature": "sha256:ad52b74cd4bb8d00452bd821ea8a5fd9964ff3fea78b53ae9939c57f253c4715",
        "filename": "fastcraft-1.9.jar"
      },
      {
        "signature": "sha256:2b06356462a5afcdad4cd46bc42e321abafe996c35fa9219c1fbf741dce9a7f2",
        "filename": "Carpenter\u0027s Blocks v3.3.0 DEV R2 - MC 1.7.10.jar"
      },
      {
        "signature": "sha256:165b583b0b548405dd97019666f94a86ee1d1e3af227ae4dc82c6e27d6885bb1",
        "filename": "asm-all-4.1.jar"
      },
      {
        "signature": "sha256:942e36e8d5421b80128c4fc040b4e5bdc14eb46d8c2b54c35cbad36d7038a52f",
        "filename": "BiblioWoods[BiomesOPlenty][v1.8].jar"
      },
      {
        "signature": "sha256:2425aa6885807b601b5fddb699a5647844daac466bfc5307cc85fdf270bdf09f",
        "filename": "OpenComputers-MC1.7.10-1.3.4.63-universal.jar"
      },
      {
        "signature": "sha256:94ec18b60814289db24005bab3bba035263db98a0d3c12ec44b86278b026055c",
        "filename": "gregtech_1.7.10-5.05.08.jar"
      },
      {
        "signature": "sha256:61438c357400b876bdc30b4c83011d2698c0db121c9c62251bd79cc05a45d215",
        "filename": "CoroUtil-1.1.jar"
      },
      {
        "signature": "sha256:e6cfa49cf852c29795e340b25dd46164aaf3209701a26aee0d46f9324ce22a56",
        "filename": "scala-parser-combinators_2.11-1.0.1.jar"
      },
      {
        "signature": "sha256:8772f727448b8c68785331ae051cb5d80ac6ade14b36646eed101f621356b1b1",
        "filename": "OpenEye-0.6-1.7.10.jar"
      },
      {
        "signature": "sha256:3e6857be4ea17c6fe8634a9abf200bb32e1a499782dc04dc4e9fb24967b9dd4d",
        "filename": "NotEnoughItems-1.7.10-1.0.3.56-universal.jar"
      },
      {
        "signature": "sha256:d6963161398c3e55bcb0e4f688014f4f12be82f804b4ac8d05eddf56f37675ca",
        "filename": "CodeChickenCore-1.7.10-1.0.3.26-universal.jar"
      },
      {
        "signature": "sha256:32d7e73005a2dc0ccc3c62470c435b351f6501de8e8718e26960534754570a77",
        "filename": "lwjgl_util-2.9.1.jar"
      },
      {
        "signature": "sha256:bc435f95c03d525a9c207f89788da96a1568e2d4eaad24e2195a5dbd36609004",
        "filename": "Waila-1.5.4a_1.7.10.jar"
      },
      {
        "signature": "sha256:f7d4e86d3a60c3750ee63b0392587657bc559995803abc7c4cc8d91e7f038f9e",
        "filename": "SpiceOfLife-mc1.7.10-1.2.1.jar"
      },
      {
        "signature": "sha256:a8ced4924d0e285ab287d94889e9920f855b9e13ef42e1c7468377b3c13bdb2b",
        "filename": "realms-1.3.5.jar"
      },
      {
        "signature": "sha256:a0250933fe8cc6a44eb098016d4dadaba7746a27efc3d5a7f4f4c9bf247cfe09",
        "filename": "ejml-0.23.jar"
      },
      {
        "signature": "sha256:2c4a9bdee6dac7f840ea015c8a5dd1bb72b63ebaa15954997bad4ec8b7ce2f69",
        "filename": "ModTweaker-1.7.X-0.6-17.jar"
      },
      {
        "signature": "sha256:5fca136503f86ecc6cb61fbd17b137d59e56b45c7a5494e6b8fd3cabd4697fbd",
        "filename": "commons-compress-1.8.1.jar"
      },
      {
        "signature": "sha256:9cac86c2bbb8cbc7846b9793771018bc7f93fb704beb164456d6d29b3843403c",
        "filename": "Automagy-1.7.10-0.10.2.jar"
      },
      {
        "signature": "sha256:7eba58df4c8a66e1e43d85dedef8e4e1334b3d45318019e7601dc59ac8496f88",
        "filename": "gendustry-mc1710-1.3.4.28.jar"
      },
      {
        "signature": "sha256:f7b07d9bd8bbb13e83a5c9956682d666e5847959704dcc539370e678049940dc",
        "filename": "Morph-Beta-0.9.0.jar"
      },
      {
        "signature": "sha256:742a41ecd450bf4396382a1ff8b439f26de2cd8a7588918ecb4ad297a799ebea",
        "filename": "ZombieAwareness-1.9.5.jar"
      },
      {
        "signature": "sha256:7d218b77ff31691bbf1282cbfe749bad1df68986583af8b258ab5cfd3f7295c0",
        "filename": "malisisdoors-1.7.10-1.1.3.jar"
      },
      {
        "signature": "sha256:f921abc9c792f594f7fc6fc06b4a7ea330b646ea5ed3785e3589f90b16b2aad1",
        "filename": "twitch-5.16.jar"
      },
      {
        "signature": "sha256:f68c5771d3d1e2f47fae80f3ceaf87d437eb6887ba5b0dd9018f258b754a6326",
        "filename": "CoFHLib-[1.7.10]1.0.0B6-26.jar"
      },
      {
        "signature": "sha256:726f8889c2610f3b96f07615a63f898608c49409a400108d942a25166665fdc1",
        "filename": "OpenModsLib-1.7.10-0.6-snapshot-224.jar"
      },
      {
        "signature": "sha256:ea17869bfd30a137091638f4e81db9a993fcc9e45ade1b0c3df1a7f8e5495b31",
        "filename": "dark_menagerie-1.7.10-beta-1.0.jar"
      },
      {
        "signature": "sha256:dfec6a8de7e625e45b3e6048033a519c821061d054ddbe9e76d55b74dd41d859",
        "filename": "IguanaTinkerTweaks-1.7.10-2.0.6.jar"
      },
      {
        "signature": "sha256:3fa387aeacbac161d2497efb841f60752b2ef053a942dbf4476e9d72448c6cd7",
        "filename": "MineMenu-1.7.10-1.2.0.B44-universal.jar"
      },
      {
        "signature": "sha256:52da468343c7357fc3c9661b7218ac8e25c8e24f962c1a1c9eb8021f3d6cdcb3",
        "filename": "forestry_1.7.10-3.0.0.90.jar"
      },
      {
        "signature": "sha256:588173c449dcba2381c38195942134a931c3e1ee27aec6396b8a7996a01bba7a",
        "filename": "Forbidden Magic-1.7.10-0.52.jar"
      },
      {
        "signature": "sha256:0905258c7992c70da3b4cba9a70a946411b3ae7a50f7ace1019dfd7249651376",
        "filename": "scala-reflect-2.11.1.jar"
      },
      {
        "signature": "sha256:c1afcbece24784493bbe09b6fdebe3f6f4fa2a409436090e54922181c77d89bc",
        "filename": "ExtraCells-1.7.10-2.1.12b8.jar"
      }
    ],
    "addedSignatures": [
      "sha256:88c7310341cdbfd7fc1ecf83aa98b3049be332e7ffdf1a88cdfee87bcac19a17",
      "sha256:d205b443aa5c40d84f3b652697fa0700ecbabf8438f2a2ab364e6e41b895bdc7",
      "sha256:61438c357400b876bdc30b4c83011d2698c0db121c9c62251bd79cc05a45d215",
      "sha256:d4e9e1b836d15c548ae5d0965d5338539a47f697903049ad00d8a6eb550812f4",
      "sha256:8fe70abb999d96383a63bffd657f21fec680a6b13850af1943bb46218833de65",
      "sha256:c8818b95bad7ba8b6bfcc530ffef237067936193d2f3ecba5b1072a880e16b56",
      "sha256:66b44e97f2c0a05e773e0542d2d7572211803f658a116b55d144b11a8330fc18",
      "sha256:d64560120f070b86caf95a9fdeb470abd26076fe0a433239edda100a79662606",
      "sha256:f921abc9c792f594f7fc6fc06b4a7ea330b646ea5ed3785e3589f90b16b2aad1",
      "sha256:20db925cd59b1c79b59deb36436fa2d466975b2c25735183cd50f7b6df387768",
      "sha256:37b2be29c3242c25ae7977bd27309dbda8de6d424bc297bdc0976e2c0437cb37",
      "sha256:03b11317a631414ad7a5bde3635de11bf93a8c2e28819c8896d486b6d4a7c06e",
      "sha256:588173c449dcba2381c38195942134a931c3e1ee27aec6396b8a7996a01bba7a",
      "sha256:48da08965c28ccf7571335fd4808d369e0ff5c632c2291c05c060cae52ac0e8e",
      "sha256:ea17869bfd30a137091638f4e81db9a993fcc9e45ade1b0c3df1a7f8e5495b31",
      "sha256:c118f8d84313980f79e1e7f7ae4b14b10c2f20c77ea4a1c29f6f0b02bc139077",
      "sha256:9844cc9b5440d65a88d28bcba9d771374d2dfdab898848cda164611091633013",
      "sha256:b340656b9892f947c5217a00ff6a66ffd0666d2d1865261810e19cee1a908b8b",
      "sha256:cfb20883725c6ed1dccbff111a3a8dc71215c6ba57c023ad447b84180e625ab4",
      "sha256:370d5defbc62d11cf0bf928a6bd730445b416c80af7a95193d515393c5aecdb9",
      "sha256:6ac6df0a25352af954f594ae3890b99350d91a644ec1932cbf928206d23a5a22",
      "sha256:8820c89462790707693de09b38e9e4d97be4d4a46afff8ab562c5d10fd3cdbc1",
      "sha256:5fca136503f86ecc6cb61fbd17b137d59e56b45c7a5494e6b8fd3cabd4697fbd",
      "sha256:96eaa32232b5a5b0f9afc121a0e1b2416e3dca50657b31e5431c0a04ae650552",
      "sha256:515e7ac31c52c53fea70bb4be2c92f41dbe2ca15edc18cc1ff01488fb8b6e453",
      "sha256:3c8616203d61a12a7e3487e8b34f3c198c2b5ba9e90da0c7ea32d99cd4958012",
      "sha256:32d7e73005a2dc0ccc3c62470c435b351f6501de8e8718e26960534754570a77",
      "sha256:90806dd16cc7c4498e4d0b45b91a3172a0f7404265e4f6e725b61bc80bce892d",
      "sha256:2625b0a830aa7062a1c028f877f3b181f9f423d3d8be553647fefea0f6da7903",
      "sha256:9cac86c2bbb8cbc7846b9793771018bc7f93fb704beb164456d6d29b3843403c",
      "sha256:dd141fde054552684ce3dd8a08eb06ec719728fd9b896b443d37436db466a3a4",
      "sha256:a402fefad75a1667fdd2428e52b1628b9c0a800d8b2af5f7f3c3129bd0abb65c",
      "sha256:c1afcbece24784493bbe09b6fdebe3f6f4fa2a409436090e54922181c77d89bc",
      "sha256:7fd1ea5d83c9177471c3350c2fe534f10a270e440097a02091893584d9a3136f",
      "sha256:742a41ecd450bf4396382a1ff8b439f26de2cd8a7588918ecb4ad297a799ebea",
      "sha256:bc435f95c03d525a9c207f89788da96a1568e2d4eaad24e2195a5dbd36609004",
      "sha256:d66784c42bd94867fbc990e212d5c334ae2439d6b7e9a856196b348b6591cee2",
      "sha256:a0250933fe8cc6a44eb098016d4dadaba7746a27efc3d5a7f4f4c9bf247cfe09",
      "sha256:8024c2503bf83efa7dff153fe024c1624f5f756be0ec5fc11c856fe420864d26",
      "sha256:837f15a433a18517e8e5c0483db36d371270b57485eb96c80f606d07b5598731",
      "sha256:83df09f50ee4fd10dfe7e49b5de4b95ef02fd5aa1134a999ab8e017de922cae6",
      "sha256:c3334ff39cf0ab3b54925619101054c90098b7c733b1e7834c7b75e4c41e84a5",
      "sha256:8261b4464200f57536e746a352384c24d010ef4e9646df1c1cf2496bf49ac7c6",
      "sha256:44e0723b6672d9df2444a41c737b8f83e887c655ec90bab33ee04ebf61d1ff3f",
      "sha256:f68c5771d3d1e2f47fae80f3ceaf87d437eb6887ba5b0dd9018f258b754a6326",
      "sha256:b348406393b2217e5f4ec41f456d67a0d5a22c74dab6b9ce467755cfbd013eb2",
      "sha256:ad19d2601c3abf0b946b5c3a4113e226a8c1e3305e395b90013b78dd94a723ce",
      "sha256:6c4b4e50e608763564afa1bde2d25ece9dd715e7c9129540faa1faded4896506",
      "sha256:8c79f95289426fe3983a613d23d26e78a5930b692512a45b3e66dff3a2f85683",
      "sha256:fa7e515c6b13db644d075628ab3f399dadfd583e16abaab820ad3fb0633fa0ac",
      "sha256:2885c8244145c4d3885d5e6045ec24b657e2bd689b7dd48ff494b68ed998b6c7",
      "sha256:09e3da0f951aa744b396c6b8ae1dad41e449400575484250752f0530eb05f730",
      "sha256:f7d4e86d3a60c3750ee63b0392587657bc559995803abc7c4cc8d91e7f038f9e",
      "sha256:79de09e5641de3bc8dd33eeb452f8bd1cd65447af28b10d97430f23c26906270",
      "sha256:53e0326c79d4edd5d7637cd21403b0373b8c3de2ca647bed1005907de836dcbc",
      "sha256:e04e0323b61e8157b59bb6903ac05dac2c328c513bbc8cc401d62e1ad39fd855",
      "sha256:4b2cc628ceb7d7a19921b2d9a78e7e149f81afd017a5dd511a8f2ae59c33075b",
      "sha256:52da468343c7357fc3c9661b7218ac8e25c8e24f962c1a1c9eb8021f3d6cdcb3",
      "sha256:08f5280c332b4c1b1cb183d8011b30c58e10bce356ed542959284949497870f6",
      "sha256:8772f727448b8c68785331ae051cb5d80ac6ade14b36646eed101f621356b1b1",
      "sha256:a4fc2284657544e0f4bcc964f927c2fda3e3a205178ed1d5d58883aaf9780cce",
      "sha256:510e5f0fdd4840fdddb9dfd8b526847631e0afef3e7b3fd0ed1961f235c7aafa",
      "sha256:608448e334971faba8ab3c4aec43417789a421d0bd4befcbba2306da852bed5a",
      "sha256:dbaa088690a23a954eff669a99d2452a24dd9f10d866725ff5d29ff4740a897e",
      "sha256:e569d5713b871e82e77a6da6c37261ebcfa9529d9a1ec9fd9dd950e5ca47c98b",
      "sha256:7ea95a26c6fc2f91a000bfc06274c8caa7ed3cfa4a40bdf0f4f8750caafa90a1",
      "sha256:107d11509f6af59b8c2ba23df828bc5d3c4e067b58f3d858c7deb90ca5308f84",
      "sha256:715b60a1eff967a6e2abf47df76c1dccd54fbae0f1bc08f749aa5e3f356838ee",
      "sha256:34f7f569a3e22aad8518b689ba3b321101d56d24908b37b84237b29d5a986616",
      "sha256:ba507644f6f4b23e276cc749a4f6c72fa2942275c653b73d05a4faf5b0d48bf6",
      "sha256:64335a48be6b142a7d0c13ec5c82a707857aa58c0234e6eda3eaca0e96eea51b",
      "sha256:a300fcf2c43ab26eb1eb380a13efdcc6c1c46f0a502da219a4b58337df52ef7b",
      "sha256:e1c69aedaa6968c3ff2a5df96f3ee024acad30572a26d8bf741caa69998313df",
      "sha256:dafa64cad65afc454f72d6388f70c31d66be82c0525dd2cb8b59fe54c44bc591",
      "sha256:2882d64550240dd0c026724da664d9f97ef205c91d6a85273d10790d88608f34",
      "sha256:0bbd0497f7b2b6154632f2018a04c522bf66bc02aa68a30dce6e1cb661c4f193",
      "sha256:8bb37fe90579df168a1d4d950cca87ea4299038045470ac0efe61bc4e6873ede",
      "sha256:469eae5a7bf5cd7066ffb72911d3876071357666d19b6462bde2007f0edcca6a",
      "sha256:c074ef34f975d55f5ddb64a8eb53d2644bbd597764d7c47d3ed6b90db592a620",
      "sha256:b3d45927743b3b23ff9a30c43b8ed0176b11215f5e0e22b7594cc375e772bd32",
      "sha256:0905258c7992c70da3b4cba9a70a946411b3ae7a50f7ace1019dfd7249651376",
      "sha256:eb462949b41e918b87400ea6651c684c07cb274b6de0a353ef60df3ab45c294c",
      "sha256:b0813222a18560f7de7809ea663a00c49998cb966c8ecdb7604541c59e663cdc",
      "sha256:d6963161398c3e55bcb0e4f688014f4f12be82f804b4ac8d05eddf56f37675ca",
      "sha256:7eba58df4c8a66e1e43d85dedef8e4e1334b3d45318019e7601dc59ac8496f88",
      "sha256:a2b805370341711eaf60ce56e67b3b0e8edd7d27adc6191166d6659524a7fbad",
      "sha256:6a2bd839e0c2270f25187a7216fb1f44b65252801f02fdd32c25939adc7abed3",
      "sha256:496bc48334bbf98a7089816f605e51be62c3e5d89237aff1be5be4ee4061e94d",
      "sha256:c0dafe3ac28f31265c02b6975b8f31f6981c42902cd8d7eb32b5414012027dbe",
      "sha256:bb7d17b340afe6abdfbfdaa03683bce4aef39a64887dbab0636eaff3cf2d59ba",
      "sha256:4c15d3b6bda3658bd73a2f1682a9de1b9fdd48695321884ad1d00339cccdbc9b",
      "sha256:165b583b0b548405dd97019666f94a86ee1d1e3af227ae4dc82c6e27d6885bb1",
      "sha256:51ae09c00a9bbbb8b1b80c5ced202f393385f2310058b77275e99b13b62c4cae",
      "sha256:dcde6033b205433d6e9855c93740f798951fa3a3f252035a768d9f356fde806d",
      "sha256:942e36e8d5421b80128c4fc040b4e5bdc14eb46d8c2b54c35cbad36d7038a52f",
      "sha256:dfb139d064fd93b3ce77970d32afb7fe36365bb145c410123537d2b3c407d3ed",
      "sha256:8a3a84ed3e972fc0b1de5459291e138d2c704d3e585fdf7c005c1e2ba8b50107",
      "sha256:7d218b77ff31691bbf1282cbfe749bad1df68986583af8b258ab5cfd3f7295c0",
      "sha256:726f8889c2610f3b96f07615a63f898608c49409a400108d942a25166665fdc1",
      "sha256:0c3085cb93c3ef95d731c274b6f2dd195aa0405fe9328d69cab7f5e899d5e124",
      "sha256:b7c13a11014741bb4309de9c239e1e9ec4861a4b2ecebafd034fdef79dece5eb",
      "sha256:fa917f4f3f6a76375134ba89a40d3a1ce807945a91bbdbe39c31f76e03030868",
      "sha256:e17eddae75d53f6e1543e53b8902ad03ac4ef6ff51ca510690f3a3ab359a7b57",
      "sha256:a99d64e7d10d06f13b174a7042af8afb1402fe5c86e2a430b6472c73cb39465a",
      "sha256:dfec6a8de7e625e45b3e6048033a519c821061d054ddbe9e76d55b74dd41d859",
      "sha256:574ec3cbf42d6001b8153c87458d2ea881df2321853dc3915845cd18c1a74ebf",
      "sha256:c750e122e25740820cf5fd292db9bd9a1e3b297d4473dc270003cea81153d615",
      "sha256:e468e18bfcfa199388b91785ad6be5195c0ea76ab928d85fce27ced03f4042e9",
      "sha256:abd02320e2356f89d054dae4cf02306bef20a9cf7865b3ac94ec7552b4f1528b",
      "sha256:e6cfa49cf852c29795e340b25dd46164aaf3209701a26aee0d46f9324ce22a56",
      "sha256:dece8b7258c5669d0f57c8314e35d45c63eb3e7db6e801635a0d1bd0a2364d48",
      "sha256:491cf3de10601f4d037bdeaab75bc3e99020d43d3107f4179fe8eebc803fec80",
      "sha256:94ec18b60814289db24005bab3bba035263db98a0d3c12ec44b86278b026055c",
      "sha256:e07ac40187cb2b94fb1de3d4494b384bae97ead6e8f51a32229edfd8b3471ac3",
      "sha256:e897aca9fb8953ee122095fd29bd5df6b42afe86da8782a136f956ebec90fd97",
      "sha256:3ff5ca066c726e1c8befd24c33c9b887487ffbedb44334265720950a619ae29b",
      "sha256:9bf16e539632c38d4940097f94a363e7ba746d7b8021fa64f0004c5248d5e82f",
      "sha256:35250594eaa4937e8df3187157fcfe42b066a9bebb5d69ae957479e5730f0f25",
      "sha256:06ac14815855e76c7533795afc082ad9ca22e61419904fbd4410ed6ff458c995",
      "sha256:d3cdcb86db214e08ded69d7734f4e997e14ae64fa30f8e55f00d2ada91005e39",
      "sha256:e5d9cd4913c00e2f9dbdebabc0585b6c0184708d27fe98ab20545f302a8afe86",
      "sha256:ef17fec59e8d5882ef2c878bff6d51116987e228b54487793402ae6730f966fb",
      "sha256:2b06356462a5afcdad4cd46bc42e321abafe996c35fa9219c1fbf741dce9a7f2",
      "sha256:dc11c1bffd1b30c8fdd749e41cc80dc2e2f7190f931f4841c2551a57c2898a9b",
      "sha256:d0e2fe70d9c38f6c1863b5842b40742f0650d70492e9eb01ffc3a0f5d4c7050c",
      "sha256:8df89d0d6686a33b0e5dec9e9bb72e882b9955856bd2e60e4d16107dfb9c8cd9",
      "sha256:3fa387aeacbac161d2497efb841f60752b2ef053a942dbf4476e9d72448c6cd7",
      "sha256:2f82e6c4f3d51e0f2c283ded2c47152f01bcb276f7e7de3cc19577bec30ea0bf",
      "sha256:e6c4a9743a2c5df47e8927f7a7b091502466a783a813c60b41792238c02b4a4e",
      "sha256:a483ed44bdd92f7343d30a045672d7779b0a784848c3f32b2d315ef896e0ff74",
      "sha256:79b5a4f5829e1a49a415711f7fb8eb5b9ad22defa72929fda2da96ec30d3f018",
      "sha256:ad52b74cd4bb8d00452bd821ea8a5fd9964ff3fea78b53ae9939c57f253c4715",
      "sha256:0406fc3b9a4f25652cec42214badc22ecb26ec31ed1216aa7cc446bd03326110",
      "sha256:f48418cff41db5e2ab2e35a4413450ce89ad826cdcf20830fc4743e76cffa563",
      "sha256:ac84c1ac891de325ff0216be41b53b6243aeb9f5d409c0f6f1bc29d0bedc0064",
      "sha256:cc6a41dc3eaacc9e440a6bd0d2890b20d36b4ee408fe2d67122f328bb6e01581",
      "sha256:2c149735a093b6c65a27db760896ad5c5b06e29100bb8969937667784fef4ba0",
      "sha256:40d15125863944059941271fc57dcb5cddd84e31263dcc83a32910aa94b60ebd",
      "sha256:cc72f38535b8a41c39a631da4bc05ca338fb3c9f96700b9194a6a31741bd9bc2",
      "sha256:d31400c8f32f6f3ac5eac2f022c733ceccb4cf4d652a6b2e05f965d8dca8cda3",
      "sha256:7510dcd82520abb82c27b84ae1d4f46ec846dd2aac70bf85c0a7ca115e2277eb",
      "sha256:dccb14ee0c6dbc99a785fd90d0706b491061a254e3ca1be9eccddd7b7b5acf19",
      "sha256:2bc20a85683ad696f8a3bb6e97cd92a03e79f7138c4d9eebc32425709264bddc",
      "sha256:aaab94b8a4977c762493abaefd066b91ceff3a6001cf3ff3ef4cbc27076f3618",
      "sha256:8a2df0f4fc69bf28415387f46c97cc0f565f2ea35befa37ff04ebdd9c0a1fba7",
      "sha256:2c4a9bdee6dac7f840ea015c8a5dd1bb72b63ebaa15954997bad4ec8b7ce2f69",
      "sha256:70903f6fc82e9908c8da9f20443f61d90f0870a312642991fe8462a0b9391784",
      "sha256:f7b07d9bd8bbb13e83a5c9956682d666e5847959704dcc539370e678049940dc",
      "sha256:3e6857be4ea17c6fe8634a9abf200bb32e1a499782dc04dc4e9fb24967b9dd4d",
      "sha256:9615ea4bf215d660dd465d27b290991f83db380200422d6033abeaa3f574a60e",
      "sha256:c0328cd07ca9e363a5acd00c1cf4afe8cf554bd6d373834981ba05cebec687fb",
      "sha256:eb0ca9bdd938f80711152a758d6bc331a8b0d769199d457294dc67ed03f73498",
      "sha256:2425aa6885807b601b5fddb699a5647844daac466bfc5307cc85fdf270bdf09f",
      "sha256:a8ced4924d0e285ab287d94889e9920f855b9e13ef42e1c7468377b3c13bdb2b",
      "sha256:ea32a56d38f0d7ae5a17e79df2e1622299e63c4a084a1215ff86d8889ecb6f48",
      "sha256:af1b03cd2ccd22bd6e6e269db148c10dfa8a5b34a2c84339909e5295d3a8d226",
      "sha256:333bbefeff5eb1722dc9b8d2e26c38bc69c1efa07d0ca870480f29d8858aa336",
      "sha256:147592c5eb8e11fc8394125954f877acf25918bae13aa210c2825aefc3030ed8"
    ],
    "removedSignatures": [],
    "workTime": 5515066.0,
    "language": "en_US",
    "locale": "en_US",
    "timezone": "America/Los_Angeles",
    "branding": [
      "Minecraft 1.7.10",
      "MCP v9.05",
      "FML v7.10.25.1207",
      "Minecraft Forge 10.13.0.1207",
      "Optifine OptiFine_1.7.10_HD_U_A4",
      "137 mods loaded, 136 mods active"
    ],
    "runtime": {
      "mcp": "MCP v9.05",
      "fml": "7.10.25.1207",
      "forge": "10.13.0.1207"
    },
    "minecraft": "Minecraft 1.7.10",
    "javaVersion": "Oracle Corporation 1.7.0_67",
    "side": "client",
    "obfuscated": true,
    "type": "analytics"
  },
  {
    "states": [
      {
        "signature": "sha256:cc6a41dc3eaacc9e440a6bd0d2890b20d36b4ee408fe2d67122f328bb6e01581",
        "mods": []
      },
      {
        "signature": "sha256:6c4b4e50e608763564afa1bde2d25ece9dd715e7c9129540faa1faded4896506",
        "mods": []
      },
      {
        "signature": "sha256:c0dafe3ac28f31265c02b6975b8f31f6981c42902cd8d7eb32b5414012027dbe",
        "mods": [
          {
            "modId": "StevesFactoryManager",
            "state": "Pre-initialized"
          }
        ]
      },
      {
        "signature": "sha256:a4fc2284657544e0f4bcc964f927c2fda3e3a205178ed1d5d58883aaf9780cce",
        "mods": []
      },
      {
        "signature": "sha256:70903f6fc82e9908c8da9f20443f61d90f0870a312642991fe8462a0b9391784",
        "mods": []
      },
      {
        "signature": "sha256:51ae09c00a9bbbb8b1b80c5ced202f393385f2310058b77275e99b13b62c4cae",
        "mods": [
          {
            "modId": "GeoStrata",
            "state": "Pre-initialized"
          }
        ]
      },
      {
        "signature": "sha256:107d11509f6af59b8c2ba23df828bc5d3c4e067b58f3d858c7deb90ca5308f84",
        "mods": []
      },
      {
        "signature": "sha256:574ec3cbf42d6001b8153c87458d2ea881df2321853dc3915845cd18c1a74ebf",
        "mods": [
          {
            "modId": "Enchiridion",
            "state": "Pre-initialized"
          }
        ]
      },
      {
        "signature": "sha256:c074ef34f975d55f5ddb64a8eb53d2644bbd597764d7c47d3ed6b90db592a620",
        "mods": []
      },
      {
        "signature": "sha256:2882d64550240dd0c026724da664d9f97ef205c91d6a85273d10790d88608f34",
        "mods": []
      },
      {
        "signature": "sha256:66b44e97f2c0a05e773e0542d2d7572211803f658a116b55d144b11a8330fc18",
        "mods": [
          {
            "modId": "Thaumcraft",
            "state": "Pre-initialized"
          }
        ]
      },
      {
        "signature": "sha256:dd141fde054552684ce3dd8a08eb06ec719728fd9b896b443d37436db466a3a4",
        "mods": [
          {
            "modId": "bdlib",
            "state": "Pre-initialized"
          }
        ]
      },
      {
        "signature": "sha256:e1c69aedaa6968c3ff2a5df96f3ee024acad30572a26d8bf741caa69998313df",
        "mods": []
      },
      {
        "signature": "sha256:8820c89462790707693de09b38e9e4d97be4d4a46afff8ab562c5d10fd3cdbc1",
        "mods": [
          {
            "modId": "TwilightForest",
            "state": "Pre-initialized"
          }
        ]
      },
      {
        "signature": "sha256:08f5280c332b4c1b1cb183d8011b30c58e10bce356ed542959284949497870f6",
        "mods": [
          {
            "modId": "EnderIO",
            "state": "Pre-initialized"
          }
        ]
      },
      {
        "signature": "sha256:40d15125863944059941271fc57dcb5cddd84e31263dcc83a32910aa94b60ebd",
        "mods": [
          {
            "modId": "Quadrum",
            "state": "Errored"
          }
        ]
      },
      {
        "signature": "sha256:8261b4464200f57536e746a352384c24d010ef4e9646df1c1cf2496bf49ac7c6",
        "mods": [
          {
            "modId": "InfernalMobs",
            "state": "Pre-initialized"
          }
        ]
      },
      {
        "signature": "sha256:b3d45927743b3b23ff9a30c43b8ed0176b11215f5e0e22b7594cc375e772bd32",
        "mods": [
          {
            "modId": "IC2",
            "state": "Pre-initialized"
          }
        ]
      },
      {
        "signature": "sha256:c750e122e25740820cf5fd292db9bd9a1e3b297d4473dc270003cea81153d615",
        "mods": [
          {
            "modId": "TML",
            "state": "Pre-initialized"
          }
        ]
      },
      {
        "signature": "sha256:79b5a4f5829e1a49a415711f7fb8eb5b9ad22defa72929fda2da96ec30d3f018",
        "mods": []
      },
      {
        "signature": "sha256:dfb139d064fd93b3ce77970d32afb7fe36365bb145c410123537d2b3c407d3ed",
        "mods": [
          {
            "modId": "ThaumicTinkerer",
            "state": "Pre-initialized"
          }
        ]
      },
      {
        "signature": "sha256:79de09e5641de3bc8dd33eeb452f8bd1cd65447af28b10d97430f23c26906270",
        "mods": [
          {
            "modId": "SpecialMobs",
            "state": "Pre-initialized"
          }
        ]
      },
      {
        "signature": "sha256:147592c5eb8e11fc8394125954f877acf25918bae13aa210c2825aefc3030ed8",
        "mods": []
      },
      {
        "signature": "sha256:e04e0323b61e8157b59bb6903ac05dac2c328c513bbc8cc401d62e1ad39fd855",
        "mods": [
          {
            "modId": "GardenCore",
            "state": "Pre-initialized"
          }
        ]
      },
      {
        "signature": "sha256:e5d9cd4913c00e2f9dbdebabc0585b6c0184708d27fe98ab20545f302a8afe86",
        "mods": [
          {
            "modId": "Magitek",
            "state": "Pre-initialized"
          }
        ]
      },
      {
        "signature": "sha256:d3cdcb86db214e08ded69d7734f4e997e14ae64fa30f8e55f00d2ada91005e39",
        "mods": []
      },
      {
        "signature": "sha256:d31400c8f32f6f3ac5eac2f022c733ceccb4cf4d652a6b2e05f965d8dca8cda3",
        "mods": []
      },
      {
        "signature": "sha256:ad19d2601c3abf0b946b5c3a4113e226a8c1e3305e395b90013b78dd94a723ce",
        "mods": []
      },
      {
        "signature": "sha256:469eae5a7bf5cd7066ffb72911d3876071357666d19b6462bde2007f0edcca6a",
        "mods": [
          {
            "modId": "Aroma1997CoreHelper",
            "state": "Pre-initialized"
          },
          {
            "modId": "Aroma1997Core",
            "state": "Pre-initialized"
          }
        ]
      },
      {
        "signature": "sha256:d0e2fe70d9c38f6c1863b5842b40742f0650d70492e9eb01ffc3a0f5d4c7050c",
        "mods": []
      },
      {
        "signature": "sha256:b7c13a11014741bb4309de9c239e1e9ec4861a4b2ecebafd034fdef79dece5eb",
        "mods": [
          {
            "modId": "DragonAPI",
            "state": "Pre-initialized"
          }
        ]
      },
      {
        "signature": "sha256:2885c8244145c4d3885d5e6045ec24b657e2bd689b7dd48ff494b68ed998b6c7",
        "mods": [
          {
            "modId": "thaumicenergistics",
            "state": "Pre-initialized"
          }
        ]
      },
      {
        "signature": "sha256:491cf3de10601f4d037bdeaab75bc3e99020d43d3107f4179fe8eebc803fec80",
        "mods": [
          {
            "modId": "FML",
            "state": "Pre-initialized"
          },
          {
            "modId": "Forge",
            "state": "Pre-initialized"
          }
        ]
      },
      {
        "signature": "sha256:8bb37fe90579df168a1d4d950cca87ea4299038045470ac0efe61bc4e6873ede",
        "mods": []
      },
      {
        "signature": "sha256:09e3da0f951aa744b396c6b8ae1dad41e449400575484250752f0530eb05f730",
        "mods": [
          {
            "modId": "asielib",
            "state": "Pre-initialized"
          }
        ]
      },
      {
        "signature": "sha256:608448e334971faba8ab3c4aec43417789a421d0bd4befcbba2306da852bed5a",
        "mods": [
          {
            "modId": "Mantle",
            "state": "Pre-initialized"
          }
        ]
      },
      {
        "signature": "sha256:64335a48be6b142a7d0c13ec5c82a707857aa58c0234e6eda3eaca0e96eea51b",
        "mods": []
      },
      {
        "signature": "sha256:cfb20883725c6ed1dccbff111a3a8dc71215c6ba57c023ad447b84180e625ab4",
        "mods": [
          {
            "modId": "statues",
            "state": "Pre-initialized"
          }
        ]
      },
      {
        "signature": "sha256:bb7d17b340afe6abdfbfdaa03683bce4aef39a64887dbab0636eaff3cf2d59ba",
        "mods": []
      },
      {
        "signature": "sha256:fa7e515c6b13db644d075628ab3f399dadfd583e16abaab820ad3fb0633fa0ac",
        "mods": [
          {
            "modId": "computronics",
            "state": "Pre-initialized"
          }
        ]
      },
      {
        "signature": "sha256:abd02320e2356f89d054dae4cf02306bef20a9cf7865b3ac94ec7552b4f1528b",
        "mods": []
      },
      {
        "signature": "sha256:c118f8d84313980f79e1e7f7ae4b14b10c2f20c77ea4a1c29f6f0b02bc139077",
        "mods": []
      },
      {
        "signature": "sha256:e897aca9fb8953ee122095fd29bd5df6b42afe86da8782a136f956ebec90fd97",
        "mods": [
          {
            "modId": "PneumaticCraft",
            "state": "Pre-initialized"
          }
        ]
      },
      {
        "signature": "sha256:c0328cd07ca9e363a5acd00c1cf4afe8cf554bd6d373834981ba05cebec687fb",
        "mods": []
      },
      {
        "signature": "sha256:e569d5713b871e82e77a6da6c37261ebcfa9529d9a1ec9fd9dd950e5ca47c98b",
        "mods": [
          {
            "modId": "Natura",
            "state": "Pre-initialized"
          }
        ]
      },
      {
        "signature": "sha256:8fe70abb999d96383a63bffd657f21fec680a6b13850af1943bb46218833de65",
        "mods": [
          {
            "modId": "Baubles",
            "state": "Pre-initialized"
          }
        ]
      },
      {
        "signature": "sha256:2bc20a85683ad696f8a3bb6e97cd92a03e79f7138c4d9eebc32425709264bddc",
        "mods": [
          {
            "modId": "CoFHCore",
            "state": "Pre-initialized"
          }
        ]
      },
      {
        "signature": "sha256:83df09f50ee4fd10dfe7e49b5de4b95ef02fd5aa1134a999ab8e017de922cae6",
        "mods": [
          {
            "modId": "Railcraft",
            "state": "Pre-initialized"
          }
        ]
      },
      {
        "signature": "sha256:eb462949b41e918b87400ea6651c684c07cb274b6de0a353ef60df3ab45c294c",
        "mods": [
          {
            "modId": "chisel",
            "state": "Pre-initialized"
          }
        ]
      },
      {
        "signature": "sha256:a99d64e7d10d06f13b174a7042af8afb1402fe5c86e2a430b6472c73cb39465a",
        "mods": []
      },
      {
        "signature": "sha256:37b2be29c3242c25ae7977bd27309dbda8de6d424bc297bdc0976e2c0437cb37",
        "mods": [
          {
            "modId": "DimensionGuard",
            "state": "Pre-initialized"
          }
        ]
      },
      {
        "signature": "sha256:7510dcd82520abb82c27b84ae1d4f46ec846dd2aac70bf85c0a7ca115e2277eb",
        "mods": [
          {
            "modId": "fluxedfeederunit",
            "state": "Pre-initialized"
          }
        ]
      },
      {
        "signature": "sha256:8024c2503bf83efa7dff153fe024c1624f5f756be0ec5fc11c856fe420864d26",
        "mods": []
      },
      {
        "signature": "sha256:ea32a56d38f0d7ae5a17e79df2e1622299e63c4a084a1215ff86d8889ecb6f48",
        "mods": [
          {
            "modId": "HardcoreQuesting",
            "state": "Pre-initialized"
          }
        ]
      },
      {
        "signature": "sha256:2625b0a830aa7062a1c028f877f3b181f9f423d3d8be553647fefea0f6da7903",
        "mods": [
          {
            "modId": "enviromine",
            "state": "Pre-initialized"
          }
        ]
      },
      {
        "signature": "sha256:35250594eaa4937e8df3187157fcfe42b066a9bebb5d69ae957479e5730f0f25",
        "mods": [
          {
            "modId": "RedstoneArsenal",
            "state": "Pre-initialized"
          }
        ]
      },
      {
        "signature": "sha256:b0813222a18560f7de7809ea663a00c49998cb966c8ecdb7604541c59e663cdc",
        "mods": [
          {
            "modId": "AppleCore",
            "state": "Pre-initialized"
          }
        ]
      },
      {
        "signature": "sha256:c3334ff39cf0ab3b54925619101054c90098b7c733b1e7834c7b75e4c41e84a5",
        "mods": []
      },
      {
        "signature": "sha256:d4e9e1b836d15c548ae5d0965d5338539a47f697903049ad00d8a6eb550812f4",
        "mods": [
          {
            "modId": "BiomesOPlenty",
            "state": "Pre-initialized"
          }
        ]
      },
      {
        "signature": "sha256:2c149735a093b6c65a27db760896ad5c5b06e29100bb8969937667784fef4ba0",
        "mods": []
      },
      {
        "signature": "sha256:34f7f569a3e22aad8518b689ba3b321101d56d24908b37b84237b29d5a986616",
        "mods": [
          {
            "modId": "Genetics",
            "state": "Pre-initialized"
          },
          {
            "modId": "BinnieCore",
            "state": "Pre-initialized"
          },
          {
            "modId": "ExtraTrees",
            "state": "Pre-initialized"
          },
          {
            "modId": "ExtraBees",
            "state": "Pre-initialized"
          },
          {
            "modId": "Botany",
            "state": "Pre-initialized"
          }
        ]
      },
      {
        "signature": "sha256:2f82e6c4f3d51e0f2c283ded2c47152f01bcb276f7e7de3cc19577bec30ea0bf",
        "mods": [
          {
            "modId": "GardenContainers",
            "state": "Pre-initialized"
          }
        ]
      },
      {
        "signature": "sha256:dccb14ee0c6dbc99a785fd90d0706b491061a254e3ca1be9eccddd7b7b5acf19",
        "mods": [
          {
            "modId": "OpenBlocks",
            "state": "Pre-initialized"
          }
        ]
      },
      {
        "signature": "sha256:88c7310341cdbfd7fc1ecf83aa98b3049be332e7ffdf1a88cdfee87bcac19a17",
        "mods": [
          {
            "modId": "BiblioWoodsForestry",
            "state": "Pre-initialized"
          }
        ]
      },
      {
        "signature": "sha256:4c15d3b6bda3658bd73a2f1682a9de1b9fdd48695321884ad1d00339cccdbc9b",
        "mods": [
          {
            "modId": "Mariculture",
            "state": "Pre-initialized"
          }
        ]
      },
      {
        "signature": "sha256:8a3a84ed3e972fc0b1de5459291e138d2c704d3e585fdf7c005c1e2ba8b50107",
        "mods": [
          {
            "modId": "JABBA",
            "state": "Pre-initialized"
          }
        ]
      },
      {
        "signature": "sha256:3ff5ca066c726e1c8befd24c33c9b887487ffbedb44334265720950a619ae29b",
        "mods": [
          {
            "modId": "ThermalExpansion",
            "state": "Pre-initialized"
          }
        ]
      },
      {
        "signature": "sha256:9bf16e539632c38d4940097f94a363e7ba746d7b8021fa64f0004c5248d5e82f",
        "mods": [
          {
            "modId": "Botania",
            "state": "Pre-initialized"
          }
        ]
      },
      {
        "signature": "sha256:53e0326c79d4edd5d7637cd21403b0373b8c3de2ca647bed1005907de836dcbc",
        "mods": [
          {
            "modId": "ThermalFoundation",
            "state": "Pre-initialized"
          }
        ]
      },
      {
        "signature": "sha256:af1b03cd2ccd22bd6e6e269db148c10dfa8a5b34a2c84339909e5295d3a8d226",
        "mods": [
          {
            "modId": "HungerOverhaul",
            "state": "Pre-initialized"
          }
        ]
      },
      {
        "signature": "sha256:b348406393b2217e5f4ec41f456d67a0d5a22c74dab6b9ce467755cfbd013eb2",
        "mods": [
          {
            "modId": "WailaHarvestability",
            "state": "Pre-initialized"
          }
        ]
      },
      {
        "signature": "sha256:8a2df0f4fc69bf28415387f46c97cc0f565f2ea35befa37ff04ebdd9c0a1fba7",
        "mods": [
          {
            "modId": "AromaBackup",
            "state": "Pre-initialized"
          }
        ]
      },
      {
        "signature": "sha256:ba507644f6f4b23e276cc749a4f6c72fa2942275c653b73d05a4faf5b0d48bf6",
        "mods": []
      },
      {
        "signature": "sha256:8df89d0d6686a33b0e5dec9e9bb72e882b9955856bd2e60e4d16107dfb9c8cd9",
        "mods": [
          {
            "modId": "TravellersGear",
            "state": "Pre-initialized"
          }
        ]
      },
      {
        "signature": "sha256:c8818b95bad7ba8b6bfcc530ffef237067936193d2f3ecba5b1072a880e16b56",
        "mods": [
          {
            "modId": "Eln",
            "state": "Pre-initialized"
          }
        ]
      },
      {
        "signature": "sha256:515e7ac31c52c53fea70bb4be2c92f41dbe2ca15edc18cc1ff01488fb8b6e453",
        "mods": [
          {
            "modId": "ThaumicExploration",
            "state": "Pre-initialized"
          }
        ]
      },
      {
        "signature": "sha256:9615ea4bf215d660dd465d27b290991f83db380200422d6033abeaa3f574a60e",
        "mods": [
          {
            "modId": "TMechworks",
            "state": "Pre-initialized"
          }
        ]
      },
      {
        "signature": "sha256:dcde6033b205433d6e9855c93740f798951fa3a3f252035a768d9f356fde806d",
        "mods": []
      },
      {
        "signature": "sha256:20db925cd59b1c79b59deb36436fa2d466975b2c25735183cd50f7b6df387768",
        "mods": [
          {
            "modId": "Steamcraft",
            "state": "Pre-initialized"
          }
        ]
      },
      {
        "signature": "sha256:4b2cc628ceb7d7a19921b2d9a78e7e149f81afd017a5dd511a8f2ae59c33075b",
        "mods": []
      },
      {
        "signature": "sha256:aaab94b8a4977c762493abaefd066b91ceff3a6001cf3ff3ef4cbc27076f3618",
        "mods": [
          {
            "modId": "ExtraUtilities",
            "state": "Pre-initialized"
          }
        ]
      },
      {
        "signature": "sha256:6ac6df0a25352af954f594ae3890b99350d91a644ec1932cbf928206d23a5a22",
        "mods": [
          {
            "modId": "inpure|core",
            "state": "Pre-initialized"
          }
        ]
      },
      {
        "signature": "sha256:dc11c1bffd1b30c8fdd749e41cc80dc2e2f7190f931f4841c2551a57c2898a9b",
        "mods": [
          {
            "modId": "ChromatiCraft",
            "state": "Pre-initialized"
          }
        ]
      },
      {
        "signature": "sha256:dbaa088690a23a954eff669a99d2452a24dd9f10d866725ff5d29ff4740a897e",
        "mods": []
      },
      {
        "signature": "sha256:0406fc3b9a4f25652cec42214badc22ecb26ec31ed1216aa7cc446bd03326110",
        "mods": [
          {
            "modId": "Emotes",
            "state": "Pre-initialized"
          }
        ]
      },
      {
        "signature": "sha256:3c8616203d61a12a7e3487e8b34f3c198c2b5ba9e90da0c7ea32d99cd4958012",
        "mods": []
      },
      {
        "signature": "sha256:a2b805370341711eaf60ce56e67b3b0e8edd7d27adc6191166d6659524a7fbad",
        "mods": [
          {
            "modId": "props",
            "state": "Pre-initialized"
          }
        ]
      },
      {
        "signature": "sha256:e468e18bfcfa199388b91785ad6be5195c0ea76ab928d85fce27ced03f4042e9",
        "mods": [
          {
            "modId": "NEIPlugins",
            "state": "Pre-initialized"
          }
        ]
      },
      {
        "signature": "sha256:6a2bd839e0c2270f25187a7216fb1f44b65252801f02fdd32c25939adc7abed3",
        "mods": [
          {
            "modId": "Billund",
            "state": "Pre-initialized"
          }
        ]
      },
      {
        "signature": "sha256:7fd1ea5d83c9177471c3350c2fe534f10a270e440097a02091893584d9a3136f",
        "mods": [
          {
            "modId": "AWWayofTime",
            "state": "Pre-initialized"
          }
        ]
      },
      {
        "signature": "sha256:48da08965c28ccf7571335fd4808d369e0ff5c632c2291c05c060cae52ac0e8e",
        "mods": []
      },
      {
        "signature": "sha256:d205b443aa5c40d84f3b652697fa0700ecbabf8438f2a2ab364e6e41b895bdc7",
        "mods": [
          {
            "modId": "McMultipart",
            "state": "Pre-initialized"
          },
          {
            "modId": "ForgeMicroblock",
            "state": "Pre-initialized"
          },
          {
            "modId": "ForgeMultipart",
            "state": "Pre-initialized"
          }
        ]
      },
      {
        "signature": "sha256:e07ac40187cb2b94fb1de3d4494b384bae97ead6e8f51a32229edfd8b3471ac3",
        "mods": [
          {
            "modId": "bluepower",
            "state": "Pre-initialized"
          }
        ]
      },
      {
        "signature": "sha256:d64560120f070b86caf95a9fdeb470abd26076fe0a433239edda100a79662606",
        "mods": [
          {
            "modId": "ArchimedesShips",
            "state": "Pre-initialized"
          }
        ]
      },
      {
        "signature": "sha256:d66784c42bd94867fbc990e212d5c334ae2439d6b7e9a856196b348b6591cee2",
        "mods": [
          {
            "modId": "Hats",
            "state": "Pre-initialized"
          }
        ]
      },
      {
        "signature": "sha256:837f15a433a18517e8e5c0483db36d371270b57485eb96c80f606d07b5598731",
        "mods": [
          {
            "modId": "Sync",
            "state": "Pre-initialized"
          }
        ]
      },
      {
        "signature": "sha256:ac84c1ac891de325ff0216be41b53b6243aeb9f5d409c0f6f1bc29d0bedc0064",
        "mods": [
          {
            "modId": "MagicBees",
            "state": "Pre-initialized"
          }
        ]
      },
      {
        "signature": "sha256:ef17fec59e8d5882ef2c878bff6d51116987e228b54487793402ae6730f966fb",
        "mods": [
          {
            "modId": "BiblioWoodsNatura",
            "state": "Pre-initialized"
          }
        ]
      },
      {
        "signature": "sha256:e17eddae75d53f6e1543e53b8902ad03ac4ef6ff51ca510690f3a3ab359a7b57",
        "mods": [
          {
            "modId": "TiCTooltips",
            "state": "Pre-initialized"
          }
        ]
      },
      {
        "signature": "sha256:dafa64cad65afc454f72d6388f70c31d66be82c0525dd2cb8b59fe54c44bc591",
        "mods": [
          {
            "modId": "TConstruct",
            "state": "Pre-initialized"
          }
        ]
      },
      {
        "signature": "sha256:44e0723b6672d9df2444a41c737b8f83e887c655ec90bab33ee04ebf61d1ff3f",
        "mods": [
          {
            "modId": "primitivemobs",
            "state": "Pre-initialized"
          }
        ]
      },
      {
        "signature": "sha256:f48418cff41db5e2ab2e35a4413450ce89ad826cdcf20830fc4743e76cffa563",
        "mods": [
          {
            "modId": "iChunUtil",
            "state": "Pre-initialized"
          }
        ]
      },
      {
        "signature": "sha256:a300fcf2c43ab26eb1eb380a13efdcc6c1c46f0a502da219a4b58337df52ef7b",
        "mods": [
          {
            "modId": "IronChest",
            "state": "Pre-initialized"
          }
        ]
      },
      {
        "signature": "sha256:a402fefad75a1667fdd2428e52b1628b9c0a800d8b2af5f7f3c3129bd0abb65c",
        "mods": [
          {
            "modId": "witchery",
            "state": "Pre-initialized"
          }
        ]
      },
      {
        "signature": "sha256:0bbd0497f7b2b6154632f2018a04c522bf66bc02aa68a30dce6e1cb661c4f193",
        "mods": [
          {
            "modId": "GardenTrees",
            "state": "Pre-initialized"
          }
        ]
      },
      {
        "signature": "sha256:cc72f38535b8a41c39a631da4bc05ca338fb3c9f96700b9194a6a31741bd9bc2",
        "mods": [
          {
            "modId": "HatStand",
            "state": "Pre-initialized"
          }
        ]
      },
      {
        "signature": "sha256:370d5defbc62d11cf0bf928a6bd730445b416c80af7a95193d515393c5aecdb9",
        "mods": [
          {
            "modId": "RIO",
            "state": "Pre-initialized"
          }
        ]
      },
      {
        "signature": "sha256:8c79f95289426fe3983a613d23d26e78a5930b692512a45b3e66dff3a2f85683",
        "mods": [
          {
            "modId": "malisiscore",
            "state": "Pre-initialized"
          }
        ]
      },
      {
        "signature": "sha256:0c3085cb93c3ef95d731c274b6f2dd195aa0405fe9328d69cab7f5e899d5e124",
        "mods": []
      },
      {
        "signature": "sha256:fa917f4f3f6a76375134ba89a40d3a1ce807945a91bbdbe39c31f76e03030868",
        "mods": []
      },
      {
        "signature": "sha256:dece8b7258c5669d0f57c8314e35d45c63eb3e7db6e801635a0d1bd0a2364d48",
        "mods": [
          {
            "modId": "RPGAdvMod",
            "state": "Pre-initialized"
          }
        ]
      },
      {
        "signature": "sha256:b340656b9892f947c5217a00ff6a66ffd0666d2d1865261810e19cee1a908b8b",
        "mods": [
          {
            "modId": "UtilityMobs",
            "state": "Pre-initialized"
          }
        ]
      },
      {
        "signature": "sha256:96eaa32232b5a5b0f9afc121a0e1b2416e3dca50657b31e5431c0a04ae650552",
        "mods": []
      },
      {
        "signature": "sha256:eb0ca9bdd938f80711152a758d6bc331a8b0d769199d457294dc67ed03f73498",
        "mods": []
      },
      {
        "signature": "sha256:a483ed44bdd92f7343d30a045672d7779b0a784848c3f32b2d315ef896e0ff74",
        "mods": [
          {
            "modId": "StevesCarts",
            "state": "Pre-initialized"
          }
        ]
      },
      {
        "signature": "sha256:496bc48334bbf98a7089816f605e51be62c3e5d89237aff1be5be4ee4061e94d",
        "mods": [
          {
            "modId": "harvestcraft",
            "state": "Pre-initialized"
          }
        ]
      },
      {
        "signature": "sha256:715b60a1eff967a6e2abf47df76c1dccd54fbae0f1bc08f749aa5e3f356838ee",
        "mods": [
          {
            "modId": "MineTweaker3",
            "state": "Pre-initialized"
          }
        ]
      },
      {
        "signature": "sha256:e6c4a9743a2c5df47e8927f7a7b091502466a783a813c60b41792238c02b4a4e",
        "mods": [
          {
            "modId": "BiblioCraft",
            "state": "Pre-initialized"
          }
        ]
      },
      {
        "signature": "sha256:90806dd16cc7c4498e4d0b45b91a3172a0f7404265e4f6e725b61bc80bce892d",
        "mods": [
          {
            "modId": "appliedenergistics2",
            "state": "Pre-initialized"
          }
        ]
      },
      {
        "signature": "sha256:510e5f0fdd4840fdddb9dfd8b526847631e0afef3e7b3fd0ed1961f235c7aafa",
        "mods": [
          {
            "modId": "BuildCraft|Core",
            "state": "Pre-initialized"
          },
          {
            "modId": "BuildCraft|Factory",
            "state": "Pre-initialized"
          },
          {
            "modId": "BuildCraft|Silicon",
            "state": "Pre-initialized"
          },
          {
            "modId": "BuildCraft|Energy",
            "state": "Pre-initialized"
          },
          {
            "modId": "BuildCraft|Builders",
            "state": "Pre-initialized"
          },
          {
            "modId": "BuildCraft|Transport",
            "state": "Pre-initialized"
          }
        ]
      },
      {
        "signature": "sha256:06ac14815855e76c7533795afc082ad9ca22e61419904fbd4410ed6ff458c995",
        "mods": [
          {
            "modId": "ProjectE",
            "state": "Pre-initialized"
          }
        ]
      },
      {
        "signature": "sha256:333bbefeff5eb1722dc9b8d2e26c38bc69c1efa07d0ca870480f29d8858aa336",
        "mods": []
      },
      {
        "signature": "sha256:9844cc9b5440d65a88d28bcba9d771374d2dfdab898848cda164611091633013",
        "mods": []
      },
      {
        "signature": "sha256:03b11317a631414ad7a5bde3635de11bf93a8c2e28819c8896d486b6d4a7c06e",
        "mods": []
      },
      {
        "signature": "sha256:7ea95a26c6fc2f91a000bfc06274c8caa7ed3cfa4a40bdf0f4f8750caafa90a1",
        "mods": []
      },
      {
        "signature": "sha256:ad52b74cd4bb8d00452bd821ea8a5fd9964ff3fea78b53ae9939c57f253c4715",
        "mods": [
          {
            "modId": "FastCraft",
            "state": "Pre-initialized"
          }
        ]
      },
      {
        "signature": "sha256:2b06356462a5afcdad4cd46bc42e321abafe996c35fa9219c1fbf741dce9a7f2",
        "mods": [
          {
            "modId": "CarpentersBlocks",
            "state": "Pre-initialized"
          }
        ]
      },
      {
        "signature": "sha256:165b583b0b548405dd97019666f94a86ee1d1e3af227ae4dc82c6e27d6885bb1",
        "mods": []
      },
      {
        "signature": "sha256:942e36e8d5421b80128c4fc040b4e5bdc14eb46d8c2b54c35cbad36d7038a52f",
        "mods": [
          {
            "modId": "BiblioWoodsBoP",
            "state": "Pre-initialized"
          }
        ]
      },
      {
        "signature": "sha256:2425aa6885807b601b5fddb699a5647844daac466bfc5307cc85fdf270bdf09f",
        "mods": [
          {
            "modId": "OpenComputers|Core",
            "state": "Pre-initialized"
          },
          {
            "modId": "OpenComputers",
            "state": "Pre-initialized"
          }
        ]
      },
      {
        "signature": "sha256:94ec18b60814289db24005bab3bba035263db98a0d3c12ec44b86278b026055c",
        "mods": [
          {
            "modId": "gregtech",
            "state": "Pre-initialized"
          }
        ]
      },
      {
        "signature": "sha256:61438c357400b876bdc30b4c83011d2698c0db121c9c62251bd79cc05a45d215",
        "mods": [
          {
            "modId": "ExtendedRenderer",
            "state": "Pre-initialized"
          },
          {
            "modId": "BuildMod",
            "state": "Pre-initialized"
          },
          {
            "modId": "ConfigMod",
            "state": "Pre-initialized"
          },
          {
            "modId": "CoroAI",
            "state": "Pre-initialized"
          }
        ]
      },
      {
        "signature": "sha256:e6cfa49cf852c29795e340b25dd46164aaf3209701a26aee0d46f9324ce22a56",
        "mods": []
      },
      {
        "signature": "sha256:8772f727448b8c68785331ae051cb5d80ac6ade14b36646eed101f621356b1b1",
        "mods": [
          {
            "modId": "OpenEye",
            "state": "Pre-initialized"
          }
        ]
      },
      {
        "signature": "sha256:3e6857be4ea17c6fe8634a9abf200bb32e1a499782dc04dc4e9fb24967b9dd4d",
        "mods": [
          {
            "modId": "NotEnoughItems",
            "state": "Pre-initialized"
          }
        ]
      },
      {
        "signature": "sha256:d6963161398c3e55bcb0e4f688014f4f12be82f804b4ac8d05eddf56f37675ca",
        "mods": []
      },
      {
        "signature": "sha256:32d7e73005a2dc0ccc3c62470c435b351f6501de8e8718e26960534754570a77",
        "mods": []
      },
      {
        "signature": "sha256:bc435f95c03d525a9c207f89788da96a1568e2d4eaad24e2195a5dbd36609004",
        "mods": [
          {
            "modId": "Waila",
            "state": "Pre-initialized"
          }
        ]
      },
      {
        "signature": "sha256:f7d4e86d3a60c3750ee63b0392587657bc559995803abc7c4cc8d91e7f038f9e",
        "mods": [
          {
            "modId": "SpiceOfLife",
            "state": "Pre-initialized"
          }
        ]
      },
      {
        "signature": "sha256:a8ced4924d0e285ab287d94889e9920f855b9e13ef42e1c7468377b3c13bdb2b",
        "mods": []
      },
      {
        "signature": "sha256:a0250933fe8cc6a44eb098016d4dadaba7746a27efc3d5a7f4f4c9bf247cfe09",
        "mods": []
      },
      {
        "signature": "sha256:2c4a9bdee6dac7f840ea015c8a5dd1bb72b63ebaa15954997bad4ec8b7ce2f69",
        "mods": [
          {
            "modId": "ModTweaker",
            "state": "Pre-initialized"
          }
        ]
      },
      {
        "signature": "sha256:5fca136503f86ecc6cb61fbd17b137d59e56b45c7a5494e6b8fd3cabd4697fbd",
        "mods": []
      },
      {
        "signature": "sha256:9cac86c2bbb8cbc7846b9793771018bc7f93fb704beb164456d6d29b3843403c",
        "mods": [
          {
            "modId": "Automagy",
            "state": "Pre-initialized"
          }
        ]
      },
      {
        "signature": "sha256:7eba58df4c8a66e1e43d85dedef8e4e1334b3d45318019e7601dc59ac8496f88",
        "mods": [
          {
            "modId": "gendustry",
            "state": "Pre-initialized"
          }
        ]
      },
      {
        "signature": "sha256:f7b07d9bd8bbb13e83a5c9956682d666e5847959704dcc539370e678049940dc",
        "mods": [
          {
            "modId": "Morph",
            "state": "Pre-initialized"
          }
        ]
      },
      {
        "signature": "sha256:742a41ecd450bf4396382a1ff8b439f26de2cd8a7588918ecb4ad297a799ebea",
        "mods": [
          {
            "modId": "ZAMod",
            "state": "Pre-initialized"
          }
        ]
      },
      {
        "signature": "sha256:7d218b77ff31691bbf1282cbfe749bad1df68986583af8b258ab5cfd3f7295c0",
        "mods": [
          {
            "modId": "malisisdoors",
            "state": "Pre-initialized"
          }
        ]
      },
      {
        "signature": "sha256:f921abc9c792f594f7fc6fc06b4a7ea330b646ea5ed3785e3589f90b16b2aad1",
        "mods": []
      },
      {
        "signature": "sha256:f68c5771d3d1e2f47fae80f3ceaf87d437eb6887ba5b0dd9018f258b754a6326",
        "mods": []
      },
      {
        "signature": "sha256:726f8889c2610f3b96f07615a63f898608c49409a400108d942a25166665fdc1",
        "mods": [
          {
            "modId": "OpenMods",
            "state": "Pre-initialized"
          }
        ]
      },
      {
        "signature": "sha256:ea17869bfd30a137091638f4e81db9a993fcc9e45ade1b0c3df1a7f8e5495b31",
        "mods": [
          {
            "modId": "menagerie",
            "state": "Pre-initialized"
          }
        ]
      },
      {
        "signature": "sha256:dfec6a8de7e625e45b3e6048033a519c821061d054ddbe9e76d55b74dd41d859",
        "mods": [
          {
            "modId": "IguanaTweaksTConstruct",
            "state": "Pre-initialized"
          }
        ]
      },
      {
        "signature": "sha256:3fa387aeacbac161d2497efb841f60752b2ef053a942dbf4476e9d72448c6cd7",
        "mods": [
          {
            "modId": "MineMenu",
            "state": "Pre-initialized"
          }
        ]
      },
      {
        "signature": "sha256:52da468343c7357fc3c9661b7218ac8e25c8e24f962c1a1c9eb8021f3d6cdcb3",
        "mods": [
          {
            "modId": "Forestry",
            "state": "Pre-initialized"
          }
        ]
      },
      {
        "signature": "sha256:588173c449dcba2381c38195942134a931c3e1ee27aec6396b8a7996a01bba7a",
        "mods": [
          {
            "modId": "ForbiddenMagic",
            "state": "Pre-initialized"
          }
        ]
      },
      {
        "signature": "sha256:0905258c7992c70da3b4cba9a70a946411b3ae7a50f7ace1019dfd7249651376",
        "mods": []
      },
      {
        "signature": "sha256:c1afcbece24784493bbe09b6fdebe3f6f4fa2a409436090e54922181c77d89bc",
        "mods": [
          {
            "modId": "extracells",
            "state": "Pre-initialized"
          }
        ]
      }
    ],
    "timestamp": 1411845931520,
    "location": "crash_handler",
    "exception": {
      "stack": [
        {
          "class": "com.google.gson.Gson",
          "method": "fromJson",
          "file": "Gson.java",
          "line": 818,
          "signatures": [
            "sha256:c0328cd07ca9e363a5acd00c1cf4afe8cf554bd6d373834981ba05cebec687fb"
          ]
        },
        {
          "class": "com.google.gson.Gson",
          "method": "fromJson",
          "file": "Gson.java",
          "line": 741,
          "signatures": [
            "sha256:c0328cd07ca9e363a5acd00c1cf4afe8cf554bd6d373834981ba05cebec687fb"
          ]
        },
        {
          "class": "dmillerw.quadrum.common.item.data.ItemLoader",
          "method": "initialize",
          "file": "ItemLoader.java",
          "line": 37,
          "signatures": [
            "sha256:40d15125863944059941271fc57dcb5cddd84e31263dcc83a32910aa94b60ebd"
          ]
        },
        {
          "class": "dmillerw.quadrum.common.core.CommonProxy",
          "method": "preInit",
          "file": "CommonProxy.java",
          "line": 39,
          "signatures": [
            "sha256:40d15125863944059941271fc57dcb5cddd84e31263dcc83a32910aa94b60ebd"
          ]
        },
        {
          "class": "dmillerw.quadrum.client.core.ClientProxy",
          "method": "preInit",
          "file": "ClientProxy.java",
          "line": 15,
          "signatures": [
            "sha256:40d15125863944059941271fc57dcb5cddd84e31263dcc83a32910aa94b60ebd"
          ]
        },
        {
          "class": "dmillerw.quadrum.Quadrum",
          "method": "preInit",
          "file": "Quadrum.java",
          "line": 102,
          "signatures": [
            "sha256:40d15125863944059941271fc57dcb5cddd84e31263dcc83a32910aa94b60ebd"
          ]
        },
        {
          "class": "sun.reflect.NativeMethodAccessorImpl",
          "method": "invoke0",
          "line": -2,
          "signatures": []
        },
        {
          "class": "sun.reflect.NativeMethodAccessorImpl",
          "method": "invoke",
          "line": -1,
          "signatures": []
        },
        {
          "class": "sun.reflect.DelegatingMethodAccessorImpl",
          "method": "invoke",
          "line": -1,
          "signatures": []
        },
        {
          "class": "java.lang.reflect.Method",
          "method": "invoke",
          "line": -1,
          "signatures": []
        },
        {
          "class": "cpw.mods.fml.common.FMLModContainer",
          "method": "handleModStateEvent",
          "file": "FMLModContainer.java",
          "line": 513
        },
        {
          "class": "sun.reflect.GeneratedMethodAccessor4",
          "method": "invoke",
          "line": -1,
          "signatures": []
        },
        {
          "class": "sun.reflect.DelegatingMethodAccessorImpl",
          "method": "invoke",
          "line": -1,
          "signatures": []
        },
        {
          "class": "java.lang.reflect.Method",
          "method": "invoke",
          "line": -1,
          "signatures": []
        },
        {
          "class": "com.google.common.eventbus.EventSubscriber",
          "method": "handleEvent",
          "file": "EventSubscriber.java",
          "line": 74,
          "source": "sha256:fa917f4f3f6a76375134ba89a40d3a1ce807945a91bbdbe39c31f76e03030868",
          "signatures": [
            "sha256:fa917f4f3f6a76375134ba89a40d3a1ce807945a91bbdbe39c31f76e03030868"
          ]
        },
        {
          "class": "com.google.common.eventbus.SynchronizedEventSubscriber",
          "method": "handleEvent",
          "file": "SynchronizedEventSubscriber.java",
          "line": 47,
          "source": "sha256:fa917f4f3f6a76375134ba89a40d3a1ce807945a91bbdbe39c31f76e03030868",
          "signatures": [
            "sha256:fa917f4f3f6a76375134ba89a40d3a1ce807945a91bbdbe39c31f76e03030868"
          ]
        },
        {
          "class": "com.google.common.eventbus.EventBus",
          "method": "dispatch",
          "file": "EventBus.java",
          "line": 322,
          "source": "sha256:fa917f4f3f6a76375134ba89a40d3a1ce807945a91bbdbe39c31f76e03030868",
          "signatures": [
            "sha256:fa917f4f3f6a76375134ba89a40d3a1ce807945a91bbdbe39c31f76e03030868"
          ]
        },
        {
          "class": "com.google.common.eventbus.EventBus",
          "method": "dispatchQueuedEvents",
          "file": "EventBus.java",
          "line": 304,
          "source": "sha256:fa917f4f3f6a76375134ba89a40d3a1ce807945a91bbdbe39c31f76e03030868",
          "signatures": [
            "sha256:fa917f4f3f6a76375134ba89a40d3a1ce807945a91bbdbe39c31f76e03030868"
          ]
        },
        {
          "class": "com.google.common.eventbus.EventBus",
          "method": "post",
          "file": "EventBus.java",
          "line": 275,
          "source": "sha256:fa917f4f3f6a76375134ba89a40d3a1ce807945a91bbdbe39c31f76e03030868",
          "signatures": [
            "sha256:fa917f4f3f6a76375134ba89a40d3a1ce807945a91bbdbe39c31f76e03030868"
          ]
        },
        {
          "class": "cpw.mods.fml.common.LoadController",
          "method": "sendEventToModContainer",
          "file": "LoadController.java",
          "line": 208
        },
        {
          "class": "cpw.mods.fml.common.LoadController",
          "method": "propogateStateMessage",
          "file": "LoadController.java",
          "line": 187
        },
        {
          "class": "sun.reflect.NativeMethodAccessorImpl",
          "method": "invoke0",
          "line": -2,
          "signatures": []
        },
        {
          "class": "sun.reflect.NativeMethodAccessorImpl",
          "method": "invoke",
          "line": -1,
          "signatures": []
        },
        {
          "class": "sun.reflect.DelegatingMethodAccessorImpl",
          "method": "invoke",
          "line": -1,
          "signatures": []
        },
        {
          "class": "java.lang.reflect.Method",
          "method": "invoke",
          "line": -1,
          "signatures": []
        },
        {
          "class": "com.google.common.eventbus.EventSubscriber",
          "method": "handleEvent",
          "file": "EventSubscriber.java",
          "line": 74,
          "source": "sha256:fa917f4f3f6a76375134ba89a40d3a1ce807945a91bbdbe39c31f76e03030868",
          "signatures": [
            "sha256:fa917f4f3f6a76375134ba89a40d3a1ce807945a91bbdbe39c31f76e03030868"
          ]
        },
        {
          "class": "com.google.common.eventbus.SynchronizedEventSubscriber",
          "method": "handleEvent",
          "file": "SynchronizedEventSubscriber.java",
          "line": 47,
          "source": "sha256:fa917f4f3f6a76375134ba89a40d3a1ce807945a91bbdbe39c31f76e03030868",
          "signatures": [
            "sha256:fa917f4f3f6a76375134ba89a40d3a1ce807945a91bbdbe39c31f76e03030868"
          ]
        },
        {
          "class": "com.google.common.eventbus.EventBus",
          "method": "dispatch",
          "file": "EventBus.java",
          "line": 322,
          "source": "sha256:fa917f4f3f6a76375134ba89a40d3a1ce807945a91bbdbe39c31f76e03030868",
          "signatures": [
            "sha256:fa917f4f3f6a76375134ba89a40d3a1ce807945a91bbdbe39c31f76e03030868"
          ]
        },
        {
          "class": "com.google.common.eventbus.EventBus",
          "method": "dispatchQueuedEvents",
          "file": "EventBus.java",
          "line": 304,
          "source": "sha256:fa917f4f3f6a76375134ba89a40d3a1ce807945a91bbdbe39c31f76e03030868",
          "signatures": [
            "sha256:fa917f4f3f6a76375134ba89a40d3a1ce807945a91bbdbe39c31f76e03030868"
          ]
        },
        {
          "class": "com.google.common.eventbus.EventBus",
          "method": "post",
          "file": "EventBus.java",
          "line": 275,
          "source": "sha256:fa917f4f3f6a76375134ba89a40d3a1ce807945a91bbdbe39c31f76e03030868",
          "signatures": [
            "sha256:fa917f4f3f6a76375134ba89a40d3a1ce807945a91bbdbe39c31f76e03030868"
          ]
        },
        {
          "class": "cpw.mods.fml.common.LoadController",
          "method": "distributeStateMessage",
          "file": "LoadController.java",
          "line": 118
        },
        {
          "class": "cpw.mods.fml.common.Loader",
          "method": "preinitializeMods",
          "file": "Loader.java",
          "line": 513
        },
        {
          "class": "cpw.mods.fml.client.FMLClientHandler",
          "method": "beginMinecraftLoading",
          "file": "FMLClientHandler.java",
          "line": 239
        },
        {
          "class": "net.minecraft.client.Minecraft",
          "method": "func_71384_a",
          "file": "Minecraft.java",
          "line": 480
        },
        {
          "class": "net.minecraft.client.Minecraft",
          "method": "func_99999_d",
          "file": "Minecraft.java",
          "line": 867
        },
        {
          "class": "net.minecraft.client.main.Main",
          "method": "main",
          "file": "SourceFile",
          "line": 148
        },
        {
          "class": "sun.reflect.NativeMethodAccessorImpl",
          "method": "invoke0",
          "line": -2,
          "signatures": []
        },
        {
          "class": "sun.reflect.NativeMethodAccessorImpl",
          "method": "invoke",
          "line": -1,
          "signatures": []
        },
        {
          "class": "sun.reflect.DelegatingMethodAccessorImpl",
          "method": "invoke",
          "line": -1,
          "signatures": []
        },
        {
          "class": "java.lang.reflect.Method",
          "method": "invoke",
          "line": -1,
          "signatures": []
        },
        {
          "class": "net.minecraft.launchwrapper.Launch",
          "method": "launch",
          "file": "Launch.java",
          "line": 134
        },
        {
          "class": "net.minecraft.launchwrapper.Launch",
          "method": "main",
          "file": "Launch.java",
          "line": 28
        },
        {
          "class": "sun.reflect.NativeMethodAccessorImpl",
          "method": "invoke0",
          "line": -2,
          "signatures": []
        },
        {
          "class": "sun.reflect.NativeMethodAccessorImpl",
          "method": "invoke",
          "line": -1,
          "signatures": []
        },
        {
          "class": "sun.reflect.DelegatingMethodAccessorImpl",
          "method": "invoke",
          "line": -1,
          "signatures": []
        },
        {
          "class": "java.lang.reflect.Method",
          "method": "invoke",
          "line": -1,
          "signatures": []
        },
        {
          "class": "org.multimc.onesix.OneSixLauncher",
          "method": "launchWithMainClass",
          "file": "OneSixLauncher.java",
          "line": 286,
          "signatures": []
        },
        {
          "class": "org.multimc.onesix.OneSixLauncher",
          "method": "launch",
          "file": "OneSixLauncher.java",
          "line": 376,
          "signatures": []
        },
        {
          "class": "org.multimc.EntryPoint",
          "method": "listen",
          "file": "EntryPoint.java",
          "line": 165,
          "signatures": []
        },
        {
          "class": "org.multimc.EntryPoint",
          "method": "main",
          "file": "EntryPoint.java",
          "line": 54,
          "signatures": []
        }
      ],
      "exception": "com.google.gson.JsonSyntaxException",
      "message": "com.google.gson.stream.MalformedJsonException: Expected name at line 8 column 2",
      "cause": {
        "stack": [
          {
            "class": "com.google.gson.stream.JsonReader",
            "method": "syntaxError",
            "file": "JsonReader.java",
            "line": 1505,
            "signatures": [
              "sha256:c0328cd07ca9e363a5acd00c1cf4afe8cf554bd6d373834981ba05cebec687fb"
            ]
          },
          {
            "class": "com.google.gson.stream.JsonReader",
            "method": "doPeek",
            "file": "JsonReader.java",
            "line": 494,
            "signatures": [
              "sha256:c0328cd07ca9e363a5acd00c1cf4afe8cf554bd6d373834981ba05cebec687fb"
            ]
          },
          {
            "class": "com.google.gson.stream.JsonReader",
            "method": "hasNext",
            "file": "JsonReader.java",
            "line": 403,
            "signatures": [
              "sha256:c0328cd07ca9e363a5acd00c1cf4afe8cf554bd6d373834981ba05cebec687fb"
            ]
          },
          {
            "class": "com.google.gson.internal.bind.TypeAdapters$25",
            "method": "read",
            "file": "TypeAdapters.java",
            "line": 666,
            "signatures": [
              "sha256:c0328cd07ca9e363a5acd00c1cf4afe8cf554bd6d373834981ba05cebec687fb"
            ]
          },
          {
            "class": "com.google.gson.internal.bind.TypeAdapters$25",
            "method": "read",
            "file": "TypeAdapters.java",
            "line": 642,
            "signatures": [
              "sha256:c0328cd07ca9e363a5acd00c1cf4afe8cf554bd6d373834981ba05cebec687fb"
            ]
          },
          {
            "class": "com.google.gson.Gson",
            "method": "fromJson",
            "file": "Gson.java",
            "line": 803,
            "signatures": [
              "sha256:c0328cd07ca9e363a5acd00c1cf4afe8cf554bd6d373834981ba05cebec687fb"
            ]
          }
        ],
        "exception": "com.google.gson.stream.MalformedJsonException",
        "message": "Expected name at line 8 column 2"
      }
    },
    "random": 1777714444,
    "resolved": true,
    "branding": [
      "Minecraft 1.7.10",
      "MCP v9.05",
      "FML v7.10.25.1207",
      "Minecraft Forge 10.13.0.1207",
      "Optifine OptiFine_1.7.10_HD_U_A4",
      "137 mods loaded, 136 mods active"
    ],
    "runtime": {
      "mcp": "MCP v9.05",
      "fml": "7.10.25.1207",
      "forge": "10.13.0.1207"
    },
    "minecraft": "Minecraft 1.7.10",
    "javaVersion": "Oracle Corporation 1.7.0_67",
    "side": "client",
    "obfuscated": true,
    "type": "crashlog"
  }
]