[
  {
    "signature": "sha256:dfb139d064fd93b3ce77970d32afb7fe36365bb145c410123537d2b3c407d3ed",
    "size": 2088237,
    "mods": [
      {
        "modId": "ThaumicTinkerer",
        "name": "Thaumic Tinkerer",
        "version": "unspecified",
        "description": "An addon to Thaumcraft 4, implementing new content. This mod is a spiritual successor to Elemental Tinkerer. Researches that come from this mod are prefixed by [TT].",
        "url": "minecraftforum.net/topic/1813058-",
        "updateUrl": "",
        "credits": "Azanor, TheAtlanticCraft, MartysGames, TheWhiteWolves, mDiyo, theFlaxbeard.",
        "parent": "",
        "authors": [],
        "mcVersion": "[1.7.10,1.7.10]",
        "requiredMods": [
          {
            "label": "Forge",
            "version": "[10.12.1.1112,)"
          },
          {
            "label": "Thaumcraft",
            "version": "any"
          }
        ],
        "dependants": [
          {
            "label": "MagicBees",
            "version": "any"
          },
          {
            "label": "advthaum",
            "version": "any"
          }
        ],
        "dependencies": [
          {
            "label": "Forge",
            "version": "[10.12.1.1112,)"
          },
          {
            "label": "Thaumcraft",
            "version": "any"
          },
          {
            "label": "IC2",
            "version": "any"
          },
          {
            "label": "ThaumicTinkererKami",
            "version": "any"
          },
          {
            "label": "Waila",
            "version": "any"
          },
          {
            "label": "ForgeMultipart",
            "version": "any"
          }
        ]
      }
    ],
    "tweakers": [
      {
        "plugin": "ThaumicTLoaderContainer",
        "class": "thaumic.tinkerer.preloader.ThaumicTLoaderContainer"
      }
    ],
    "classTransformers": [
      "thaumic.tinkerer.preloader.AccessTransformer"
    ],
    "packages": [
      "thaumic.tinkerer.common.block.transvector",
      "thaumic.tinkerer.common.block.mobilizer",
      "thaumic.tinkerer.common.item.quartz",
      "appeng.api.implementations",
      "thaumic.tinkerer.api",
      "thaumic.tinkerer.common.compat",
      "appeng.api.networking",
      "thaumic.tinkerer.client.render.tile",
      "thaumic.tinkerer.common.block.tile.container.slot.kami",
      "thaumic.tinkerer.client.render.block.kami",
      "appeng.api.storage.data",
      "appeng.api.networking.security",
      "thaumic.tinkerer.common.enchantment.core",
      "thaumic.tinkerer.client.gui.button.kami",
      "appeng.api.implementations.tiles",
      "thaumic.tinkerer.common.registry",
      "thaumic.tinkerer.common.core.handler",
      "appeng.api.features",
      "thaumic.tinkerer.common.network.packet.kami",
      "thaumic.tinkerer.common.block.tile.container.kami",
      "appeng.api.networking.storage",
      "thaumic.tinkerer.common.block.quartz",
      "thaumic.tinkerer.client.gui",
      "appeng.api.implementations.guiobjects",
      "thaumic.tinkerer.common.block.tile.container",
      "appeng.api",
      "appeng.api.storage",
      "thaumic.tinkerer.client.gui.kami",
      "thaumic.tinkerer.common.block.fire",
      "appeng.api.networking.ticking",
      "thaumic.tinkerer.common.core.handler.updater",
      "thaumic.tinkerer.client.model",
      "appeng.api.implementations.parts",
      "thaumic.tinkerer.common.enchantment",
      "thaumic.tinkerer.common.item.foci",
      "appeng.api.networking.energy",
      "thaumic.tinkerer.client.core.handler.kami",
      "thaumic.tinkerer.common.block.tile.kami",
      "thaumic.tinkerer.client.gui.button",
      "appeng.api.parts",
      "thaumic.tinkerer.common.item.kami.foci",
      "thaumic.tinkerer.common.research",
      "thaumic.tinkerer.client.render.item.kami",
      "thaumic.tinkerer.common.item",
      "thaumic.tinkerer.client.render.item",
      "thaumic.tinkerer.common.block.tile.transvector",
      "appeng.api.networking.pathing",
      "thaumic.tinkerer.common.network.packet",
      "thaumic.tinkerer.common.potion",
      "appeng.api.events",
      "thaumic.tinkerer.common.item.kami.wand",
      "thaumic.tinkerer.common.peripheral.implementation",
      "thaumic.tinkerer.common.network",
      "thaumic.tinkerer.client.lib",
      "appeng.api.crafting",
      "thaumic.tinkerer.common.peripheral",
      "thaumic.tinkerer.common.core.helper",
      "appeng.api.exceptions",
      "appeng.api.networking.spatial",
      "thaumic.tinkerer.common.block",
      "thaumic.tinkerer.common.core.golems",
      "thaumic.tinkerer.common.block.tile.tablet",
      "thaumic.tinkerer.common.item.kami.armor",
      "thaumic.tinkerer.common.item.kami",
      "thaumic.tinkerer.client.model.kami",
      "thaumic.tinkerer.common.enchantment.core.rule",
      "thaumic.tinkerer.common.core.proxy",
      "thaumic.tinkerer.common.item.kami.tool",
      "thaumic.tinkerer.common.multipart",
      "thaumic.tinkerer.client.core.proxy",
      "thaumic.tinkerer.preloader",
      "thaumic.tinkerer.client.core.helper",
      "thaumic.tinkerer.common.core.handler.kami",
      "appeng.api.config",
      "thaumic.tinkerer.common.dim",
      "thaumic.tinkerer.client.render.block",
      "appeng.api.implementations.items",
      "thaumic.tinkerer.common",
      "thaumic.tinkerer.common.core.commands",
      "thaumic.tinkerer.common.block.tile.container.slot",
      "appeng.api.util",
      "appeng.api.definitions",
      "thaumic.tinkerer.common.block.tile",
      "thaumic.tinkerer.client.render.tile.kami",
      "appeng.api.recipes",
      "appeng.api.integration",
      "appeng.api.movable",
      "thaumic.tinkerer.common.block.kami",
      "appeng.api.networking.events",
      "thaumic.tinkerer.client.core.handler",
      "thaumic.tinkerer.common.lib",
      "thaumic.tinkerer.common.peripheral.OpenComputers"
    ],
    "type": "file_info"
  },
  {
    "signature": "sha256:37b2be29c3242c25ae7977bd27309dbda8de6d424bc297bdc0976e2c0437cb37",
    "size": 10978,
    "mods": [
      {
        "modId": "DimensionGuard",
        "name": "DimensionGuard",
        "version": "0.5.0",
        "description": "Configurable prevention of black placement by dimension",
        "url": "",
        "updateUrl": "",
        "credits": "",
        "parent": "",
        "authors": [
          "hilburn"
        ],
        "mcVersion": "[1.7.10,1.7.10]",
        "requiredMods": [],
        "dependants": [],
        "dependencies": []
      }
    ],
    "tweakers": [],
    "classTransformers": [],
    "packages": [
      "com.hilburn.dimensionguard.handlers",
      "com.hilburn.dimensionguard",
      "com.hilburn.dimensionguard.disabled"
    ],
    "type": "file_info"
  },
  {
    "signature": "sha256:34f7f569a3e22aad8518b689ba3b321101d56d24908b37b84237b29d5a986616",
    "size": 3767500,
    "mods": [
      {
        "modId": "Genetics",
        "name": "Genetics",
        "version": "2.0-dev4",
        "description": "Adds genetic manipulation for bees, trees, butterflies and flowers.",
        "url": "http://minecraft.curseforge.com/mc-mods/223525-binnies-mods",
        "updateUrl": "",
        "credits": "Thanks to Sengir, MysteriousAges, Xizzzy and many others",
        "parent": "",
        "authors": [
          "Binnie"
        ],
        "mcVersion": "[1.7.10,1.7.10]",
        "requiredMods": [],
        "dependants": [],
        "dependencies": [
          {
            "label": "BinnieCore",
            "version": "any"
          }
        ]
      },
      {
        "modId": "BinnieCore",
        "name": "Binnie Core",
        "version": "2.0-dev4",
        "description": "Base mod for Binnie\u0027s Mods, with lots of common code.",
        "url": "http://minecraft.curseforge.com/mc-mods/223525-binnies-mods",
        "updateUrl": "",
        "credits": "Thanks to Sengir, MysteriousAges, Xizzzy and many others",
        "parent": "",
        "authors": [
          "Binnie"
        ],
        "mcVersion": "[1.7.10,1.7.10]",
        "requiredMods": [
          {
            "label": "Forestry",
            "version": "[3,)"
          }
        ],
        "dependants": [],
        "dependencies": [
          {
            "label": "Forestry",
            "version": "[3,)"
          }
        ]
      },
      {
        "modId": "ExtraTrees",
        "name": "Extra Trees",
        "version": "2.0-dev4",
        "description": "Adds new trees, aesthetic blocks and alcohol production.",
        "url": "http://minecraft.curseforge.com/mc-mods/223525-binnies-mods",
        "updateUrl": "",
        "credits": "Thanks to Sengir, MysteriousAges, Xizzzy and many others",
        "parent": "",
        "authors": [
          "Binnie"
        ],
        "mcVersion": "[1.7.10,1.7.10]",
        "requiredMods": [],
        "dependants": [],
        "dependencies": [
          {
            "label": "BinnieCore",
            "version": "any"
          }
        ]
      },
      {
        "modId": "ExtraBees",
        "name": "Extra Bees",
        "version": "2.0-dev4",
        "description": "Adds new bees and products to expand the bee breeding in Forestry.",
        "url": "http://minecraft.curseforge.com/mc-mods/223525-binnies-mods",
        "updateUrl": "",
        "credits": "Thanks to Sengir, MysteriousAges, Xizzzy and many others",
        "parent": "",
        "authors": [
          "Binnie"
        ],
        "mcVersion": "[1.7.10,1.7.10]",
        "requiredMods": [],
        "dependants": [],
        "dependencies": [
          {
            "label": "BinnieCore",
            "version": "any"
          }
        ]
      },
      {
        "modId": "Botany",
        "name": "Botany",
        "version": "2.0-dev4",
        "description": "Adds breedable flowers.",
        "url": "http://minecraft.curseforge.com/mc-mods/223525-binnies-mods",
        "updateUrl": "",
        "credits": "Thanks to Sengir, MysteriousAges, Xizzzy and many others",
        "parent": "",
        "authors": [
          "Binnie"
        ],
        "mcVersion": "[1.7.10,1.7.10]",
        "requiredMods": [],
        "dependants": [],
        "dependencies": [
          {
            "label": "BinnieCore",
            "version": "any"
          }
        ]
      }
    ],
    "tweakers": [],
    "classTransformers": [],
    "packages": [
      "binnie.core.network",
      "binnie.core",
      "binnie.extratrees.machines",
      "binnie.botany.core",
      "binnie.core.mod.config",
      "binnie.extratrees.block.decor",
      "binnie.extrabees.apiary.machine",
      "binnie.craftgui.extrabees",
      "binnie.extratrees.gen",
      "binnie.core.machines.storage",
      "cofh.api",
      "binnie.core.plugin",
      "binnie.craftgui.core.geometry",
      "binnie.craftgui.controls",
      "binnie.genetics.machine",
      "binnie.extrabees.worldgen",
      "binnie.core.machines.network",
      "binnie.botany.api.gardening",
      "binnie.craftgui.controls.tab",
      "binnie.core.machines.transfer",
      "binnie.botany",
      "binnie.core.api",
      "binnie.extratrees.kitchen",
      "binnie.core.machines.base",
      "binnie.extratrees",
      "binnie.genetics.item",
      "binnie.extratrees.block",
      "binnie.extrabees.products",
      "binnie.craftgui.extrabees.database",
      "binnie.botany.proxy",
      "binnie.core.multiblock",
      "binnie.core.machines.component",
      "binnie.extrabees",
      "binnie.extrabees.genetics.items",
      "binnie.craftgui.genetics.machine",
      "binnie.extratrees.alcohol",
      "binnie.craftgui.controls.scroll",
      "binnie.botany.genetics",
      "binnie.extratrees.core",
      "binnie.extrabees.genetics",
      "binnie.craftgui.events",
      "binnie.extrabees.core",
      "binnie.craftgui.extrabees.punnett",
      "cofh.api.energy",
      "binnie.craftgui.controls.listbox",
      "binnie.core.mod.parser",
      "binnie.craftgui.core.renderer",
      "binnie.craftgui.extratrees.dictionary",
      "binnie.extratrees.proxy",
      "binnie.craftgui.resource",
      "binnie.genetics.proxy",
      "binnie.botany.farm",
      "binnie.core.machines.power",
      "binnie.extrabees.liquids",
      "binnie.extrabees.config",
      "binnie.genetics.config",
      "binnie.extratrees.config",
      "binnie.core.gui",
      "binnie.botany.api",
      "binnie.core.triggers",
      "binnie.extratrees.alcohol.drink",
      "binnie.craftgui.window",
      "binnie.core.machines",
      "binnie.core.block",
      "binnie.core.genetics",
      "binnie.craftgui.mod.database",
      "binnie.core.machines.inventory",
      "binnie.extratrees.carpentry",
      "binnie.craftgui.botany",
      "binnie.genetics.genetics",
      "binnie.craftgui.resource.minecraft",
      "binnie.craftgui.controls.button",
      "binnie.extratrees.item",
      "binnie.craftgui.controls.page",
      "binnie.extrabees.genetics.effect",
      "binnie.core.network.packet",
      "binnie.craftgui.minecraft.render",
      "binnie.core.language",
      "binnie.extratrees.worldgen",
      "binnie.core.resource",
      "binnie.genetics.api",
      "binnie.core.proxy",
      "binnie.botany.items",
      "binnie.botany.flower",
      "binnie.botany.gardening",
      "binnie.extratrees.genetics",
      "binnie.craftgui.minecraft",
      "binnie.genetics",
      "binnie.core.circuits",
      "binnie.extratrees.api",
      "binnie.genetics.core",
      "binnie.core.texture",
      "binnie.botany.network",
      "binnie.craftgui.controls.core",
      "binnie.genetics.network",
      "binnie.extrabees.apiary",
      "binnie.core.item",
      "binnie.core.util",
      "binnie.craftgui.core",
      "binnie.core.liquid",
      "binnie.extrabees.proxy",
      "binnie.craftgui.extratrees.kitchen"
    ],
    "type": "file_info"
  }
]